Tweet,Classe
"Um acidente na rodovia MGC 135 causa duas mortes e deixa cinco feridos, nesta quinta-feira de feriado, em Engenheiro Navarro, regi√£o Norte de Minas.

Segundo o corpo de bombeiros, uma colis√£o entre uma caminhonete e um ve√≠culo de passeio fez um total de 7 v√≠timas.
+ https://t.co/KLtcFC3OMV",0
"Nesta sexta-feira, o Tribunal de Apela√ß√£o Ingl√™s acatou o pedido de oitiva das demandas das v√≠timas do rompimento da barragem do Fund√£o, em 2015, em Mariana, na regi√£o Central de Minas.

üîó Leia mais: 

https://t.co/mThqsm5DtH",0
"De acordo com a CEMIG, apesar da regi√£o metropolitana de Belo Horizonte representar 30% dos clientes da companhia, a Grande BH concentra aproximadamente 60% das perdas que a empresa tem com o furto de energia atrav√©s dos ""gatos"".
+ https://t.co/oghjYKLdeg https://t.co/D4LlLMb6Ak",0
"PERRENGUE NADA CHIQUE NO DETRAN üöò

Motoristas enfrentam longas filas no acesso ao Detran, na Gameleira, regi√£o Oeste de BH. A demora no atendimento acontece por causa da paralisa√ß√£o dos servidores da Pol√≠cia Civil.",0
"Nesta sexta-feira, o Tribunal de Apela√ß√£o Ingl√™s acatou o pedido de oitiva das demandas das v√≠timas do rompimento da barragem do Fund√£o, em 2015, em Mariana, na regi√£o Central de Minas.

üîó Leia mais: https://t.co/QDUqaxQi5i",0
"De acordo com a Pol√≠cia Militar (PMMG), uma den√∫ncia an√¥nima informou que um homem teria sido visto em uma regi√£o de mata, em Justin√≥polis, pilotando uma moto Honda Fan, vermelha - mesma motocicleta usada por Gabriel no dia do desaparecimento. 
https://t.co/oAGilJDmY1",0
"Um passageiro √© retirado de um voo internacional e tem o passaporte apreendido pela Pol√≠cia Federal (PF) no Aeroporto Internacional de Belo Horizonte, em Confins, na Regi√£o Metropolitana. 

üîóLeia mais: https://t.co/Li61M4fYgn",0
"Um motorista, sem carteira de habilita√ß√£o, #capotou o carro, na noite dessa quinta-feira (10), no bairro S√£o Crist√≥v√£o, em #BeloHorizonte. De acordo com a pol√≠cia, ele estava em alta velocidade e confessou que bebeu cerveja antes de dirigir. https://t.co/AkYXv6BgC9",0
"Uma reuni√£o de condom√≠nio de militares no bairro Parque Jardim Maria Jos√©, em Vespasiano, na Grande BH, terminou em confus√£o, depois de o presidente do local abrir vota√ß√£o para presta√ß√£o de contas.

üì∑: Redes Sociais https://t.co/1NUUT519W5",0
"ALERTA!!! üö®

Seis em cada 10 mulheres v√≠timas de estupro atendidas no Hospital das Cl√≠nicas da UFMG, na regi√£o Central de Belo Horizonte, chegam gr√°vidas √† unidade. 

üîó Leia mais: 

https://t.co/J0FCYt3JIM",0
"O rep√≥rter Luiz Casoni conversou ao vivo, do Anel Rodovi√°rio em #BH, com o Tenente da Pol√≠cia Militar, C√©sar Augusto Brito e trouxe mais informa√ß√µes sobre o engavetamento com ao menos oito ve√≠culos que aconteceu no bairro Bet√¢nia. Confira: https://t.co/vQDparyUUW",0
"O Tribunal Regional Federal da 1¬™ Regi√£o pro√≠be a mineradora Samarco e a Funda√ß√£o Renova de descontarem o valor de indeniza√ß√µes do aux√≠lio pago mensalmente √†s v√≠timas do rompimento da barragem de Fund√£o, em 2015, em Mariana.

üîóLeia mais: https://t.co/I6CFUkT8qe",0
"Um √¥nibus da linha 6770 bateu em um poste, na manh√£ desta segunda-feira (16), em Contagem, regi√£o Metropolitana de Belo Horizonte. Pelo menos 16 pessoas ficaram feridas. Entre as v√≠timas est√° uma gr√°vida.

üîó Leia mais: 

https://t.co/KLi4gxPoNu",0
"Segundo o Corpo de Bombeiros, v√≠timas tiveram ferimentos leves; batida aconteceu no bairro #Itapo√£, na regi√£o da #Pampulha.

Confira: https://t.co/7HAuB3lbzm #R7Minas",0
"ALERTA!

Um grave acidente interdita o tr√¢nsito na BR 262, em Nova Serrana, na regi√£o Centro Oeste de Minas, nesta manh√£. Segundo a Pol√≠cia Rodovi√°ria Federal, tr√™s ve√≠culos de carga se envolveram em uma batida no km 457 e uma pessoa morreu. A pista est√° interditada no sentido BH",0
"As chamas tiveram in√≠cio nessa sexta-feira (19), provocadas pela queima ilegal de pasto na regi√£o, e se estendem durante o final de semana. 

 üì∏: Reprodu√ß√£o/Brigada Guardi√µes da Serra

üîó Leia mais: https://t.co/t8WifKmARB",0
"Helic√≥ptero da Pol√≠cia Militar transporta brigadistas para combater inc√™ndio na Serra do Cip√≥; regi√£o √© de dif√≠cil acesso

üé• Divulga√ß√£o / Brigada de Inc√™ndio ICMBio https://t.co/3ZLU7ijvaC",0
"A partir desta sexta-feira (27), o uso de m√°scaras voltar√° a ser obrigat√≥rio em escolas p√∫blicas e privadas de Nova Lima, na regi√£o metropolitana de Belo Horizonte.

üîó Leia mais: 

https://t.co/i812PZzuTe",0
"V√≠timas foram baleadas na regi√£o da cabe√ßa. A pol√≠cia ainda n√£o sabe se h√° liga√ß√£o entre os dois assassinatos.

Confira: https://t.co/v2v3zwTHtP #R7Minas",0
"De acordo com o Corpo de Bombeiros, o inc√™ndio causou danos a rede el√©trica da regi√£o. N√£o houve registro de v√≠timas. Por Ra√≠ssa Oliveira
https://t.co/7nIKRqmxzh",0
"Telespectadores denunciam precariedade no bairro San Marino, em Ribeir√£o das Neves, na regi√£o metropolitana da capita. Moradores e comerciantes s√£o obrigados a lidar com esgoto a c√©u aberto em pelo menos duas ruas do bairro. 
üîó Confira em: https://t.co/6izG8hekAL via @YouTube",0
"Acidente aconteceu na regi√£o da #Pampulha. Pol√≠cia Militar encontrou bebidas no carro e procura pelo homem.

Confira: https://t.co/ulTubA1snj #R7Minas",0
"Brigadistas dos Guardi√µes da Serra continuam trabalhando no controle do inc√™ndio na nascente que abastece o munic√≠pio de Santana do Riacho, em Lapinha da Serra, regi√£o Central de Minas, neste domingo (21).
+ https://t.co/EhE35G5MHA",0
"Uma colis√£o entre dois ve√≠culos, na madrugada deste domingo (21), deixa dois mortos e duas v√≠timas em estado grave. O acidente ocorreu na MGC-356, no bairro Olhos D'√Ågua, Regi√£o Oeste de Belo Horizonte.

üîó Leia mais: https://t.co/Mgu6HK7nPU",0
"Segundo ouvintes da BandNews FM, um √¥nibus pega fogo na BR-381, na altura de Bela Vista de Minas, na Regi√£o Metropolitana de Belo Horizonte, na tarde desta quinta-feira.

O Corpo de Bombeiros j√° foi acionado e, no momento, desloca viaturas para o local. https://t.co/rPxGPppUOR",0
"Ap√≥s morte em opera√ß√£o policial, manifestantes fecham trecho da avenida Amazonas em BH

https://t.co/I2MpgOqP3B",0
"QUE SUSTO! Uma on√ßa parda foi encontrada em escola de Nova Lima, Regi√£o Metropolitana de Belo Horizonte, na manh√£ deste s√°bado. O Corpo de Bombeiros e a Pol√≠cia Ambiental foram acionados para sedar o animal e realizarem a captura segura.

üîó Leia mais: https://t.co/2aowgT120v https://t.co/a3MMFID0ZV",0
"Foi inaugurada nessa segunda (18), no Barro Preto, regi√£o Centro-Sul de BH, a Central de Monitoramento e Preven√ß√£o √† Viol√™ncia Dom√©stica e Familiar.
+ https://t.co/r1oN5gxvOf via @YouTube",0
"Circuitos de seguran√ßa exp√µem invas√µes e roubos em bairros de Contagem
üîó Leia mais:
https://t.co/CiD8kYKCRS",0
"PF NAS RUAS üëÆ

A Pol√≠cia Federal realiza, nesta manh√£, uma opera√ß√£o contra a explora√ß√£o sexual infantil na internet. Cerca de 80 policiais federais cumpriram um mandado de pris√£o tempor√°ria e 14 mandados de busca e apreens√£o em v√°rias cidades mineiras. https://t.co/jW1KqZBZel",0
"A Pol√≠cia Federal realiza nesta quarta-feira (13), em toda regi√£o do Vale do Rio Doce, uma opera√ß√£o de combate ao tr√°fico ilegal de migrantes. 

üîó Leia mais: 

https://t.co/Kg15j5e5JK",0
"Autor do ataque ainda n√£o foi identificado. A pol√≠cia suspeita que ele seja um morador de rua.

Confira: https://t.co/ptfL036D6E #R7Minas",0
"Suspeitos foram parados pela Pol√≠cia Rodovi√°ria Federal na BR-262, em #Betim, na regi√£o metropolitana de Belo Horizonte.

Confira: https://t.co/Pw5v1OgWJ1 #R7Minas",0
"Uma pessoa morreu e outras duas ficaram feridas em um acidente entre um carro e uma carreta na BR-365, em Itabirito, na regi√£o Central de Minas Gerais. De acordo com o Corpo de Bombeiros, as v√≠timas tiveram ferimentos leves e foram encaminhadas para a UPA da cidade. https://t.co/LnEGG3OSLq",0
"A Pol√≠cia Civil investiga a queda de uma rec√©m-nascida na recep√ß√£o da maternidade Sofia Feldman, no bairro Tupi, regi√£o Norte de Belo Horizonte.

üîó Leia mais: 

https://t.co/3fhwa3EaAV",0
"Uma colis√£o entre dois ve√≠culos, na madrugada deste domingo (21), deixa dois mortos e duas v√≠timas em estado grave. O acidente ocorreu na MGC-356, no bairro Olhos D'√Ågua, Regi√£o Oeste de Belo Horizonte.

üîó Leia mais: https://t.co/x9QCBTBhX5",0
"De acordo com a Pol√≠cia Militar, o motorista da carreta, de 38 anos, contou que alguns adolescentes estavam andando de bicicleta pelo bairro e se apoiando na carreta. Por Ra√≠ssa Oliveira
https://t.co/xsVMnHZjN4",0
"NOVO POSTO PARA EMISS√ÉO DE PASSAPORTE üõÇ

Belo Horizonte ganha, nesta ter√ßa, um novo posto para emiss√£o de passaportes. A unidade vai funcionar no Ponteio Lar Shopping, no Belvedere, regi√£o centro-sul da capital. Os atendimentos s√£o por agendamento, no site da Pol√≠cia Federal. https://t.co/iJc9Yaq3H9",0
"√înibus do Move e viatura da PM se envolvem em acidente na avenida Ant√¥nio Carlos
https://t.co/LBonzOlLrE",0
"Alunos se juntaram em frente ao UniBH, no bairro Buritis, na regi√£o oeste de BH. Helic√≥ptero da pol√≠cia sobrevoou a regi√£o.

Confira: https://t.co/37LSyQqM4Y #R7Minas",0
"CAMINH√ÉO PEGA FOGO NA BR-381 EM S√ÉO JOAQUIM DAS BICAS

Um caminh√£o tanque pegou fogo em cima da ponte do Rio Paraopeba. O inc√™ndio ainda continua em parte da rua, mas foram acionadas 7 equipes dos bombeiros, incluindo um caminh√£o pipa. N√£o h√° v√≠timas no local.",0
"De acordo com a Pol√≠cia Militar, na noite dessa sexta-feira, o homem trafegava pela Rua do Com√©rcio, quando bateu na quina de uma ponte e perdeu o controle do ve√≠culo.
+
üì∏: Redes Sociais
https://t.co/TxMBtUUy6X",0
"Procurada, a BHTRANS afirma que os pr√≥prios passageiros impediram a sa√≠da dos √¥nibus e que ainda apura informa√ß√µes sobre o cumprimento do quadro de hor√°rios. 
A Pol√≠cia Militar est√° no local e o tr√¢nsito √© ca√≥tico na regi√£o.",0
"As chamas tiveram in√≠cio nessa sexta-feira (19), provocadas pela queima ilegal de pasto na regi√£o, e se estendem durante o final de semana. 

 üì∏: Reprodu√ß√£o/Brigada Guardi√µes da Serra

üîó Leia mais: https://t.co/3yAssO5QKi",0
"Ningu√©m mais √© obrigado a usar m√°scaras faciais de prote√ß√£o contra a Covid-19 em Betim, na Regi√£o Metropolitana de Belo Horizonte. 
https://t.co/QBUpVR5BK4",0
"Acidentes aconteceram nos bairros Universit√°rio e Jardim Vit√≥ria. V√≠timas foram socorridas e encaminhadas ao Hospital Jo√£o XXIII.

Confira: https://t.co/e6NIM1UIQP  #R7Minas",0
"Grave acidente mobilizou socorristas na noite desta quinta (8) na Av. Tereza Cristina (Via Expressa), na altura da Arena MRV, no bairro Calif√≥rnia, em BH. A batida envolveu um Volkswagen Gol e uma Bras√≠lia, e teria deixado feridos. Situa√ß√£o e n√∫mero das v√≠timas n√£o foi confirmado https://t.co/CxVBkCrkY6",0
"A Pol√≠cia Civil investiga um bilhete colado no banheiro de uma escola em Itatiaiu√ßu, regi√£o central de Minas Gerais, na √∫ltima semana.

üîó Leia mais: 

https://t.co/29AVXQkKuk",0
"Segundo a Pol√≠cia Militar, a suspeita √© de que o motorista da van n√£o tenha respeitado a parada obrigat√≥ria no cruzamento da rua Desembargador Ribeiro da Luz com a avenida Visconde Ibituruna. https://t.co/RcTTtcVRdk",0
"Edif√≠cios tradicionais que abrigam quase 5.000 pessoas, na regi√£o centro-sul da cidade, foram projetados por Oscar Niemeyer.

Confira: https://t.co/bkBGQf6YpK #R7Minas",0
"A Pol√≠cia Civil divulga novas imagens da mulher suspeita de abandonar um rec√©m-nascido no banheiro do Centro de Especialidades M√©dicas da Santa Casa, no Santa Efig√™nia, regi√£o Centro-Sul de Belo Horizonte.

üîó Leia mais: https://t.co/wI7Fcj257I",0
"Uma reuni√£o de condom√≠nio de militares no bairro Parque Jardim Maria Jos√©, em Vespasiano, na Grande BH, terminou em confus√£o depois que o presidente do local abriu vota√ß√£o para presta√ß√£o de contas.
+ https://t.co/NTjr42ZH0r",0
"A Pol√≠cia Civil investiga a queda de uma beb√™ rec√©m-nascida na recep√ß√£o da maternidade Sofia Feldman, no bairro Tupi, regi√£o Norte de Belo Horizonte. Imagens do circuito interno mostram a m√£e tendo contra√ß√µes ainda na recep√ß√£o. 

üîó Confira em:

https://t.co/k74pN2CD2r",0
"A Pol√≠cia Civil investiga a queda de uma rec√©m-nascida na recep√ß√£o da maternidade Sofia Feldman, no bairro Tupi, regi√£o Norte de Belo Horizonte.

üîó Leia mais: 

https://t.co/4rmwrOP7JR",0
"A mineradora Vale foi obrigada a fornecer silagem e √°gua a v√°rias comunidades de Brumadinho, entre elas a de S√£o Jos√©, em Esmeraldas, regi√£o Metropolitana de BH. 

üîóConfira em:

https://t.co/2DzbPOZBY1",0
"OLHA A ON√áA!

Essa on√ßa parda foi encontrada no banheiro de uma escola de ensino fundamental em Nova Lima, Regi√£o Metropolitana de Belo Horizonte, na manh√£ deste s√°bado. 

O Corpo de Bombeiros e a Pol√≠cia Ambiental foram acionados.

üîó Leia mais: https://t.co/RxnLrUDNrn https://t.co/hggfIoKLTx",0
"üöÅCARRETA FECHA ANEL RODOVI√ÅRIO NO S√ÉO GABRIEL

Uma carreta que transportava areia tombou na altura do bairro S√£o Gabriel, em BH, interditando as pistas nos dois sentidos. Os motoristas est√£o passando pelas marginais. A pol√≠cia est√° no local. 
#tr√¢nsitobh https://t.co/zoNhJ3I47C",0
"Uma lancha pega fogo e deixa 8 pessoas feridas em Fama, na regi√£o sul de Minas Gerais. Os bombeiros foram acionados no in√≠cio da tarde deste s√°bado e, quando chegaram, quatro v√≠timas j√° haviam procurado atendimento m√©dico. https://t.co/1v7NxhFDLb",0
"Um √¥nibus da linha 6770 bateu em um poste, na manh√£ desta segunda-feira (16), em Contagem, regi√£o Metropolitana de Belo Horizonte. Pelo menos 16 pessoas ficaram feridas. Entre as v√≠timas est√° uma gr√°vida.

üîó Leia mais: 

https://t.co/PHV91wlMPP",0
"O Tribunal Regional Federal da 1¬™ Regi√£o pro√≠be a mineradora Samarco e a Funda√ß√£o Renova de descontarem o valor de indeniza√ß√µes do aux√≠lio pago mensalmente √†s v√≠timas do rompimento da barragem de Fund√£o, em 2015, em Mariana.

üîóLeia mais: https://t.co/piORtcaG7Y",0
"Brigadistas dos Guardi√µes da Serra continuam trabalhando no controle do inc√™ndio na nascente que abastece o munic√≠pio de Santana do Riacho, em Lapinha da Serra, regi√£o Central de Minas, neste domingo (21).
+ https://t.co/TZ3sXLYMB1",0
"Um passageiro √© retirado de um voo internacional e tem o passaporte apreendido pela Pol√≠cia Federal (PF) no Aeroporto Internacional de Belo Horizonte, em Confins, na Regi√£o Metropolitana. 

üîóLeia mais: https://t.co/nzS2Ikwroo",0
"Abastecimento de √°gua: Copasa deve concluir, hoje, as obras emergenciais no Sistema Serra Azul, em Juatuba, na Grande BH, alvo de vandalismo que levou parte da regi√£o metropolitana a entrar em racionamento. Pandemia: mais flexibiliza√ß√µes na capital. https://t.co/RpT5tXLYcQ",0
"NA FILA E COM CHUVA

Moradores denunciam a situa√ß√£o de crian√ßas e pais que esperam pela vacina√ß√£o contra a Covid-19 em frente a Escola Municipal Efig√™nia Vidigal, no bairro Palmeiras, regi√£o Oeste de BH. A escola n√£o abriu os port√µes para receber e abrigar as pessoas. https://t.co/sAgQwRmpxV",0
"Inc√™ndio em caminh√£o dentro de ferro velho, pr√≥ximo √† avenida Amazonas, no bairro Jardin√≥polis, assusta pela altura da fuma√ßa preta neste domingo.
Segundo bombeiros, n√£o h√° v√≠timas.
V√≠deo: reprodu√ß√£o/Bombeiros https://t.co/3Q0ASdEmeJ",0
"Segundo a pol√≠cia, a crian√ßa estava sozinha no im√≥vel com um irm√£o de 3 anos. A m√£e foi encontrada em um bar da regi√£o. 

Confira: https://t.co/wPqChLI03H #R7Minas",0
"ACIDENTE COM V√çTIMAS NO BARREIRO

Uma colis√£o entre um √¥nibus e uma van, no cruzamento entre a Rua Desembargador Ribeiro da Luz e Avenida Visconde de Ibituruna, na madrugada desta ter√ßa, deixou pelo menos 17 pessoas feridas. Segundo o Samu, nenhuma v√≠tima teve ferimento grave. https://t.co/U9HoYtvSPy",0
"Uma f√°brica clandestina de sab√£o em p√≥ √© desmontada pela Pol√≠cia Militar em Par√° de Minas, Regi√£o Sudeste de Minas Gerais.

üîó Leia mais: https://t.co/ZWsbyQ2ApG",0
"Pneus foram queimados para bloqueio de um dos sentidos na avenida Amazonas. BHTrans e Pol√≠cia Militar est√£o no local, e ainda n√£o h√° registros de ocorr√™ncia.

üé• Reprodu√ß√£o https://t.co/JN3oLEnEOg",0
"A Pol√≠cia Militar recebeu na noite dessa ter√ßa-feira (02), o chamado de uma crian√ßa de 11 anos, de Santa Luzia, regi√£o metropolitana de Belo Horizonte, pedindo ajuda para a fam√≠lia que passava fome.

üîó Leia mais:https://t.co/w82j0DEYeH",0
"Um cachorro morre em meio ao inc√™ndio de casa da Rua Henrique Dias, no bairro Ermelinda, regi√£o noroeste de Belo Horizonte, na madrugada deste s√°bado.

De acordo com os bombeiros, a brigada foi acionada por volta das 3h40. Os trabalhos de combate √†s chamas s√≥ finalizaram √†s 7h.
+ https://t.co/CVEzBn9Zmh",0
"Seis em cada 10 mulheres v√≠timas de estupro atendidas no Hospital das Cl√≠nicas da UFMG, na regi√£o Central de Belo Horizonte, chegam gr√°vidas √† unidade.

Leia mais: https://t.co/dhNmE3o9wS",0
"De acordo com a Pol√≠cia Militar, na noite dessa sexta-feira, o homem trafegava pela rua do com√©rcio em Santa Luzia quando bateu na quina de uma ponte e perdeu o controle do ve√≠culo.
+
üì∏: Redes Sociais
https://t.co/fuP509moM6",0
"AGORA: 
Caminh√£o e carreta pegam #fogo ap√≥s acidente na #BR262, em Minas. Ainda n√£o h√° informa√ß√µes sobre v√≠timas. A batida frontal aconteceu na altura do bairro Brasileia, na cidade de #Betim, na Grande BH.

Confira:  https://t.co/6R5MMIzaiz #R7Minas https://t.co/pn5GxFTTWl",0
"Ele cumprir√° 64 anos de pris√£o pelo homic√≠dio de tr√™s fiscais do trabalho e um motorista, mortos durante uma emboscada enquanto apuravam uma den√∫ncia de trabalho an√°logo √† escravid√£o em fazendas da regi√£o.
+
https://t.co/kgpv6BdT32",0
"Dois autom√≥veis se envolveram em uma colis√£o frontal na manh√£ deste s√°bado (9) na BR-116, em Caratinga, regi√£o Leste de Minas. A pista teve que ser fechada para socorro √†s v√≠timas.

https://t.co/Ozr97hP8U6",0
"Pol√≠cia suspeita que criminosos queriam atingir o rival que n√£o estava no ve√≠culo. Caso aconteceu no bairro #Goi√¢nia.

Confira: https://t.co/8BfMPbPhYy #R7Minas",1
"Motorista do Move √© agredido por passageiro na avenida Pedro I, em BH https://t.co/fMd3hoHQ9a https://t.co/D0yNHhEw2i",1
"Os documentos da atriz Vera Fischer, de 70 anos, s√£o localizados em uma lixeira e devolvidos para a artista, ap√≥s furto na Feira Hippie de Belo Horizonte, na Avenida Afonso Pena, na tarde desse domingo (24).

üîó Leia mais: https://t.co/9jEne2z0e7",1
"Um m√©dico e policial federal aposentado, de 65 anos, foi morto com cerca de 50 facadas pela companheira na casa onde morava no bairro Olaria, regi√£o do Barreiro, em Belo Horizonte.

üîó Leia mais: https://t.co/6BCIQ9GtKD",1
"A v√≠tima vai atr√°s do suspeito e sobe na garupa da motocicleta enquanto ele tenta dar partida. A tentativa de furto foi interrompida quando uma vizinha apareceu na rua, assustando o homem, que sai correndo.
 
Procurada, a PM ainda n√£o informou se o suspeito foi localizado.",1
"Uma mulher, de 38 anos, afirma ter sido abusada sexualmente enquanto realizava uma cirurgia no Hospital Mater Dei, no Barro Preto, regi√£o Centro-Sul de Belo Horizonte, nessa segunda-feira (8).

üîó Leia mais: 

https://t.co/nwpa64ri5o",1
"BRIGA DE TORCIDAS
A PM confirma dois baleados no confronto entre  torcedores do Galo e do Cruzeiro no in√≠cio da tarde deste domingo, no bairro Boa Vista, regi√£o Leste de BH. Segundo a PM, um homem de 24 anos tomou um tiro na barriga e outro de 21 foi atingido de rasp√£o no ombro.",1
"Furto de cabo deixou unidade da regi√£o centro-sul da cidade sem energia el√©trica. Parte dos servi√ßos foi mantida.

Confira: https://t.co/9slCofQeCW #R7Minas",1
"A Pol√≠cia Militar instaurou um inqu√©rito para apurar a conduta dos policiais que agrediram um motociclista no domingo (4), no bairro Sion, regi√£o Centro-Sul de BH. V√°rios policiais agrediram com chutes e golpes de capacete um homem, que estava ca√≠do na av. Nossa Senhora do Carmo. https://t.co/V8NpIkGmqL",1
"A pol√≠cia de Minas segue √† procura dos nove suspeitos de um assalto a uma joalheria em um shopping, na regi√£o Centro-Sul de Belo Horizonte. Batalh√µes do interior de Minas atuam nas divisas com Esp√≠rito Santo, Rio de Janeiro, S√£o Paulo, Bahia e Goi√°s.",1
"Um dos maiores traficantes de MG, Roni Peixoto, foi assassinado na manh√£ de hoje (11) em Santa Luzia, na Grande BH. Conhecido por ser o bra√ßo direito de Fernandinho Beira-mar, o corpo dele, de 52 anos, foi encontrado dentro de um carro no bairro C√≥rrego das Cal√ßadas.
+ https://t.co/FOGU6aczRt",1
"üö® Imagens mostram o momento que um homem abre fogo contra pelo menos 6 pessoas em uma boate de Patos de Minas, na regi√£o do Alto Parana√≠ba. O crime ocorreu na madrugada deste s√°bado.

Segundo a Pol√≠cia Militar, outras 4 pessoas estariam envolvidas no crime. Uma dupla foi presa. https://t.co/8T39jjyRI4",1
"Estelionat√°rios estariam se passando por chefes do tr√°fico do Cabana Pai Tom√°s, na regi√£o Oeste de BH, para extorquir comerciantes https://t.co/jXA2W9QN3c",1
"Homens foram presos no bairro #Buritis. Eles s√£o suspeitos de envolvimento em uma s√©rie de homic√≠dios na regi√£o do #Barreiro.

Confira: https://t.co/zl7WoJrdAk #R7Minas",1
"A Pol√≠cia Militar recuperou, na manh√£ deste s√°bado (14) a imagem do Sagrado Cora√ß√£o de Jesus furtada, no dia anterior, no Santu√°rio Nossa Senhora da Concei√ß√£o dos Pobres, no bairro Lagoinha, regi√£o Noroeste de Belo Horizonte.

üîó Leia mais: 

https://t.co/HhVESYOhLG",1
"Imagens do circuito interno de seguran√ßa mostram o momento em que uma lanchonete √© furtada na madrugada desta quarta-feira, no bairro Pontilh√£o, em Barbacena, regi√£o Central do estado.

üîó Leia mais: https://t.co/cy0YhAIuSQ",1
"Durante as incurs√µes na regi√£o, suspeitos armados foram presos dentro de um im√≥vel. No momento da pris√£o, um militar que se identifica como sargento Lisboa, grava um v√≠deo e dispara: ""Xerife de favela √© a pol√≠cia"". Por Vanda Sampaio
https://t.co/ME2glMrvV9",1
"Coletivo estava com passageiros, no bairro Vista Alegre, quando os criminosos obrigaram todos a deixar o ve√≠culo. Ningu√©m se feriu.

Confira: https://t.co/mTdoJwld1j #R7Minas",1
"FORAGIDO OFERECE R$ 1 MILH√ÉO A POLICIAIS PARA N√ÉO SER PRESO

Um procurado da justi√ßa ofereceu R$ 1 milh√£o a PM's em troca de liberdade, ap√≥s ser pego por tr√°fico de drogas nesta quinta-feira (11), no bairro Nazar√©, regi√£o Nordeste de BH

üîóLeia mais: https://t.co/L92zB5uL7Z",1
"Fogo destr√≥i carro de policial militar no bairro Taquaril, em Belo Horizonte https://t.co/XYMjLiTIfg https://t.co/m6KfDN2RSJ",1
"Homem √© assassinado a tiros ap√≥s ter casa invadida no bairro Boa Vista, em BH | Por Ra√≠ssa Oliveira
https://t.co/uYJCPUUzn9",1
"Um dentista de 55 anos morreu ap√≥s ser baleado por policiais militares, na noite dessa quinta-feira (11), no bairro Santa Cruz, regi√£o Nordeste de Belo Horizonte. Ele teria tentado matar a esposa e a enteada ap√≥s mant√™-las como ref√©ns. 

üîóLeia mais: https://t.co/HWl7Ry0ESF",1
"A Per√≠cia da Pol√≠cia Civil realiza os primeiros passos da investiga√ß√£o sobre a morte da menina B√°rbara, de 10 anos, encontrada em um campo de futebol do bairro Pedra Branca, em Ribeir√£o das Neves, Grande BH, na manh√£ desta ter√ßa-feira (02).

üîó Leia mais: https://t.co/JXyLuQUS2D",1
"Uma v√≠tima de 41 anos, que trabalhava como motorista de aplicativo, foi assaltada e teve o bra√ßo quebrado por suspeitos no bairro Castanheiras, em Santa Luzia.

Leia mais: https://t.co/aJngR7nh7L",1
"Quatro mandados de busca e apreens√£o s√£o cumpridos pela Pol√≠cia Federal na Grande BH e na regi√£o Central de Minas em a√ß√£o que combate fraudes √† Previd√™ncia Social.

A Opera√ß√£o teve in√≠cio nesta quarta ap√≥s as investiga√ß√µes identificarem o modus operandi de um grupo criminoso.
+ https://t.co/B0Wf7qatQ6",1
"Segundo a Pol√≠cia Militar, a persegui√ß√£o teria come√ßado na Avenida Nossa Senhora do Carmo e terminou quando um Fiat branco em alta velocidade bateu em outros ve√≠culos na Contorno. 
+",1
"Homem √© baleado ap√≥s esfaquear policial militar no bairro S√£o Pedro, em BH https://t.co/ijqJFxEpdY https://t.co/kKlsErLoGb",1
"INTERNADA NO JO√ÉO XXIII

A Pol√≠cia Civil investiga o caso de uma mulher, de 39 anos, que chegou em BH com queimaduras pelo corpo, fugindo de Conselheiro Lafaiete, Regi√£o Central de MG, ap√≥s ser mantida em c√°rcere privado pelo marido desde o in√≠cio do m√™s. https://t.co/F5VExqg2Uk",1
"A Pol√≠cia Militar apreende uma maleta com joias avaliadas em R$500 mil roubadas na regi√£o Centro-Sul de Belo Horizonte. O furto aconteceu na √∫ltima sexta-feira, dia 25, na rua Professor Morais, na Savassi. 
+
https://t.co/Xn7ffzN3C5 https://t.co/ORDtG7rUMR",1
"Policial √© atropelado durante blitz na regi√£o Leste de BH 

https://t.co/CrhBYdsWKr",1
"Um motorista de aplicativo tenta atropelar motociclista ap√≥s briga de tr√¢nsito. O caso aconteceu na tarde desta sexta-feira na rua Dias Adorno, no bairro Santo Agostinho, regi√£o centro-sul de BH. 
+ https://t.co/qImZ4Vyrjv",1
Morador de rua √© socorrido ao Jo√£o XXIII ap√≥s ser baleado por suposto traficante https://t.co/WAq77mrSJC https://t.co/Esg0YgL8SW,1
"A Pol√≠cia Civil investiga as circunst√¢ncias da morte de Ramon Freitas Moreira, de 42 anos, estudante de veterin√°ria da UFMG que foi encontrado no alojamento da universidade, no bairro Ouro Preto, na Pampulha.
+
üì∑: Reprodu√ß√£o/UFMG
üîó Leia mais: https://t.co/o1yk02G7Ey",1
"üö® üö®üö®üö®
A Pol√≠cia Militar desloca unidades para a Rua Sevilha, no bairro Cachoeirinha, na Regi√£o Nordeste de BH, onde, segundo informa√ß√µes recebidas pela corpora√ß√£o, pode estar o corpo do principal suspeito do caso de B√°rbara Vit√≥ria.

üîó Leia mais: https://t.co/eqpdBgo7wn https://t.co/aSo8UTaqPf",1
"Homem √© suspeito de participar do tiroteio entre gangues rivais por venda de drogas no bairro #Taquaril, em #BeloHorizonte.

Confira: https://t.co/WWULTejbki #R7Minas",1
"Crime aconteceu em bairro de Santa Rita do Sapuca√≠ (MG) que foi alvo de s√©rie de #roubos.

Confira: https://t.co/nSwTIkABYA #R7Minas",1
"Cerca de duas horas depois, outro homem foi v√≠tima de extors√£o no estacionamento de um supermercado no mesmo bairro da capital. O carro usado pelo suspeito √© o mesmo, mas n√£o foi confirmada a participa√ß√£o dele na a√ß√£o.

üé• Reprodu√ß√£o https://t.co/I53vbauKd5",1
"A Pol√≠cia Militar recuperou, na manh√£ deste s√°bado (14) a imagem do Sagrado Cora√ß√£o de Jesus furtada, no dia anterior, no Santu√°rio Nossa Senhora da Concei√ß√£o dos Pobres, no bairro Lagoinha, regi√£o Noroeste de Belo Horizonte.

üîó Leia mais: 

https://t.co/EdoWm2Oooa",1
"Ele tentou subornar a pol√≠cia com duas armas de fogo antes de ser preso. De acordo com BHTrans (Empresa de Transportes e Tr√¢nsito de Belo Horizonte), o tr√¢nsito √© lento na Avenida Amazonas neste momento, na altura do bairro Jardin√≥polis, em ambos os sentidos.",1
"Um morador de rua foi baleado na Pra√ßa da Assembleia, na regi√£o Centro-Sul de Belo Horizonte. Segundo a Pol√≠cia Militar, na madrugada desta quarta-feira (07) a v√≠tima dormia na pra√ßa quando um homem chegou solicitando drogas.

üîó Leia mais: https://t.co/AT4ElAilFf",1
"A indigna√ß√£o dos alunos se deu por conta da forma que funcion√°rios do Setor de Opera√ß√µes e Seguran√ßa do campus do Cora√ß√£o Eucar√≠stico, na regi√£o Noroeste de Belo Horizonte, paralisaram um suspeito de cometer furtos na Universidade, na manh√£ de ontem.
+ https://t.co/evREkeooQz https://t.co/odSocvC0WT",1
"Um jovem de 22 anos morreu na madrugada deste domingo (03), ap√≥s ser baleado na porta de uma distribuidora de bebidas no bairro Europa, na regi√£o de Venda Nova.
+
https://t.co/amjYQxVo4Z https://t.co/d9TatiGzkW",1
"üö®üö®üö®

A Pol√≠cia Militar desloca unidades para a Rua Sevilha, no bairro Cachoeirinha, na Regi√£o Nordeste de BH, onde, segundo informa√ß√µes recebidas pela corpora√ß√£o, pode estar o corpo do principal suspeito do caso de B√°rbara Vit√≥ria. 

+ https://t.co/gmFRIF67SU",1
"A Pol√≠cia Militar tenta localizar o motorista que derrubou dois postes na rua Jos√© Rodrigues Pereira, bairro Estoril, regi√£o Oeste de Belo Horizonte, na madrugada desta segunda-feira (4). 

üîó Leia mais: 

https://t.co/QUWIOZDhUU",1
"Homem armado com faca √© baleado por PM na regi√£o Centro-Sul de BH

https://t.co/u0Tu9azlp1",1
"Morador de rua √© baleado nas n√°degas na pra√ßa da Assembleia em Belo Horizonte  

https://t.co/PdyTZlrgiF",1
"A busca pela Bras√≠lia do Lego continua ap√≥s o ve√≠culo ser furtado em frente a uma escola o bairro Cabral, em Contagem, na Grande BH, nessa ter√ßa-feira (9).https://t.co/66IE7XQ8dd",1
"Uma tentativa de roubo termina em briga entre uma mulher e um homem armado com uma faca, na rua Jundia√≠, no bairro Conc√≥rdia, na regi√£o Nordeste de Belo Horizonte, na madrugada de s√°bado (27) para domingo (28).
+ https://t.co/L3PjA7Ml1U",1
"Mulher disse √† pol√≠cia que estava ""cansada de sofrer agress√µes do marido"". Briga aconteceu no no bairro Conjunto Zilah Sp√≥sito, em #BH. 

Confira: https://t.co/3Z1U3SamHH #R7Minas",1
"A Pol√≠cia Civil vai apurar as causas do acidente que matou uma crian√ßa de tr√™s anos dentro de uma igreja, na zona rural de Itanhomi, regi√£o do Vale do Rio Doce. 
+ https://t.co/Kr2XWrSFnh https://t.co/bMcNfCB8JC",1
"Depois de brigar e agredir um homem, uma mulher, de 33 anos, invade um bar com o pr√≥prio carro, no bairro Floramar, na Regi√£o Norte de Belo Horizonte. O fato aconteceu na noite de sexta-feira.
+ https://t.co/S07x0j737C",1
"Enterrado neste domingo (21) no Cemit√©rio da Paz, regi√£o Noroeste da capital, o corpo do adolescente, de 15 anos, morto em opera√ß√£o policial na Vila Emba√∫bas, no bairro Nova Gameleira, zona Oeste de BH, na noite de sexta-feira (19). 

üîó Leia mais: https://t.co/XjWlws33TY",1
"A Pol√≠cia Civil informou nesta ter√ßa-feira (23) que investiga uma m√£e suspeita de espancar o pr√≥prio filho em Pedro Leopoldo, na Regi√£o Metropolitana de Belo Horizonte.

üîóLeia mais: https://t.co/OmgAhgwtE2",1
"A Pol√≠cia Civil investiga as imagens das c√¢meras de seguran√ßa de um consult√≥rio de uma cl√≠nica odontol√≥gica, na rua dos Guajajaras, na Regi√£o Central de BH, que mostram um casal quebrando o local, na tarde dessa quarta-feira.

üîó Leia mais: https://t.co/GSAjRwDIFo",1
"O caso foi registrado na √∫ltima ter√ßa, quando o delegado Rafael Hor√°rio atirou contra o motorista Anderson C√¢ndido Melo, de 48 anos, na avenida do Contorno, na regi√£o central da capital mineira. Ele estava em uma viatura descaracterizada.",1
"√â absolvido nesta quinta-feira (18), pelo Tribunal do J√∫ri, em BH, o frentista Vanderlei Gomes Calisto, de 50 anos, pelo crime de homic√≠dio contra um cliente do posto de gasolina em que trabalhava, no bairro Santa Branca, regi√£o da Pampulha. 

üîóLeia mais: https://t.co/SDNuna86qX",1
"Um homem foi baleado ap√≥s fugir de uma blitz de rotina realizada pela Pol√≠cia Militar. O caso aconteceu na tarde desta sexta-feira na Rua Doutor Benedito Xavier, no bairro S√£o Gabriel.
+ https://t.co/MrimYTv5ev",1
"Uma persegui√ß√£o policial termina com tr√™s ve√≠culos e uma viatura atingidos na Avenida do Contorno, na Regi√£o da Savassi, em Belo Horizonte, na tarde desta segunda-feira (22). 
+ https://t.co/DZWK8A2HME",1
"Uma mulher √© assaltada √† m√£o armada por dois indiv√≠duos em uma motocicleta, no bairro Camargos, na regi√£o Noroeste de BH.
+ https://t.co/yJRz8CGdqH",1
"Uma adolescente de 13 anos denuncia abuso sexual em abrigo de menores infratores no bairro Horto, regi√£o Leste de BH. O caso teria acontecido na √∫ltima quarta-feira, dia 16, no Centro de Interna√ß√£o Socioeducativo S√£o Jer√¥nimo.
+ https://t.co/YpKC234OtV",1
"Um morador de rua foi baleado na Pra√ßa da Assembleia, na regi√£o Centro-Sul de Belo Horizonte. Segundo a Pol√≠cia Militar, na madrugada desta quarta-feira (07) a v√≠tima dormia na pra√ßa quando um homem chegou solicitando drogas.

üîó Leia mais: https://t.co/Z6cZ1x0p7L",1
"Os militares foram ao local ap√≥s den√∫ncia de tr√°fico de drogas entre as ruas C√¢ndido de Souza e Tup√£. Enquanto cercaram a regi√£o para organizar a abordagem, os policiais avistaram o adolescente, armado, se aproximando. Por Gabriel Rezende
https://t.co/AIUOQfXuoD",1
"A Pol√≠cia Civil investiga o caso de um Poodle que foi furtado no bairro Santa L√∫cia, na regi√£o centro-sul da capital.

üîóLeia mais: https://t.co/j3vr1W0rBE",1
"Um terceiro suspeito ainda √© procurado pelos militares.  A confus√£o, envolvendo cerca de 50 v√¢ndalos, foi no bairro Boa Vista, na regi√£o Leste da capital. Rodrigo Marlon Caetano Andrade, tinha 25 anos. Ele chegou a ser socorrido e levado ao HPS Jo√£o 23, mas n√£o resistiu.",1
"De acordo com a Pol√≠cia Militar, quatro agentes - dois fardados e dois √† paisana - investigavam um ponto de comercializa√ß√£o de armamento, na rua Flor D'√Ågua.
+
https://t.co/nzqB5Ca8A4",1
"PM apreende 430 barras de maconha no bairro Jardim Vit√≥ria, em Belo Horizonte

#Itatiaia 

https://t.co/t6oj5Mefsz",1
"Uma joalheria no bairro Funcion√°rios, regi√£o Centro-Sul de Belo Horizonte, foi furtada na madrugada desta segunda-feira (27).

üîó Leia mais: 

https://t.co/9moeDQlSqG",1
"Moradores do Taquaril, na regi√£o Leste de Belo Horizonte, est√£o assustados com os recentes tiroteios registrados no bairro. Segundo eles, os disparos estariam relacionados √† disputa entre gangues rivais pelo tr√°fico de drogas.
+
https://t.co/sKwc17yKtg https://t.co/Y5Kbh9Hx76",1
"Garoto de programa √© baleado e morto na regi√£o do Barreiro, em BH
https://t.co/p8F17ewZaR",1
"A Pol√≠cia Civil encontra, nesta quinta-feira, o armamento roubado da empresa de seguran√ßa MG SEG, no bairro Cabana do Pai Tom√°s, na regi√£o Oeste de Belo Horizonte.
+
https://t.co/jNqgF7RmnQ https://t.co/Hv0RNWKJ2O",1
"A atriz Vera Fischer, de 70 anos, foi furtada na Feira Hippie de Belo Horizonte, na Avenida Afonso Pena, na tarde desse domingo (24).

üîó Leia mais: 

https://t.co/nnVAewwlUu",1
"O Grupo Especial de Combate ao Crime Organizado (Gaeco) do Minist√©rio P√∫blico e Policia Militar fizeram nesta sexta-feira (8) uma opera√ß√£o para combater o tr√°fico de drogas no Morro das Pedras, regi√£o Oeste da capital mineira. 

Leia mais:https://t.co/POtt4cljgo",1
"Uma cantora gospel de 28 anos √© investigada pela Pol√≠cia Civil suspeita de aplicar golpe de pir√¢mide financeira. De acordo com as investiga√ß√µes, h√° cerca de 300 v√≠timas na regi√£o grande BH. Apenas uma delas teria perdido R$150 mil.  
+
https://t.co/Vs7ef42dEV https://t.co/dqLg7A9HaT",1
"Dupla foi presa no √∫ltimo dia 12 de abril, quase tr√™s anos ap√≥s o crime ocorrido no bairro Floresta, na regi√£o leste de #BH. Pol√≠cia n√£o esclareceu poss√≠vel rela√ß√£o dos investigados com o caso.

Confira: https://t.co/Qm1eQTDufp #R7Minas",1
"A Pol√≠cia Civil investiga as circunst√¢ncias envolvidas na morte de uma mulher, de 29 anos, na √∫ltima sexta-feira em decorr√™ncia de complica√ß√µes ap√≥s cirurgias est√©ticas realizadas em uma cl√≠nica no bairro Serra, na regi√£o Centro-Sul de Belo Horizonte.
+ https://t.co/pFgx7CI44Q",1
"A Per√≠cia da Pol√≠cia Civil realiza os primeiros passos da investiga√ß√£o sobre a morte da menina B√°rbara, de 10 anos, encontrada em um campo de futebol do bairro Pedra Branca, em Ribeir√£o das Neves, Grande BH, na manh√£ desta ter√ßa-feira (02).

üîó Leia mais: https://t.co/osXTtoFAdY",1
"Um m√©dico e policial federal aposentado, de 65 anos, foi morto com cerca de 50 facadas pela companheira na casa onde morava no bairro Olaria, regi√£o do Barreiro, em Belo Horizonte. 

üîó Leia mais: 

https://t.co/27F57bA0Z7",1
"Uma tentativa de roubo termina em briga entre uma mulher e um homem armado com uma faca, na rua Jundia√≠, no bairro Conc√≥rdia, na regi√£o Nordeste de Belo Horizonte, na madrugada de s√°bado (27) para domingo (28).

üîóLeia mais: https://t.co/pDqd6shCUo",1
"Est√° preso, no Ceresp Gameleira, um homem faixa azul de jiu-jitsu, de 41 anos, suspeito de amea√ßar um motorista de √¥nibus e se recusar a pagar a passagem no Belvedere, na regi√£o Centro-Sul de BH. 

Ap√≥s a Pol√≠cia Militar ser acionada, o homem agrediu e xingou os militares.
+ https://t.co/VFS328qcCD",1
"Populares ateiam fogo na casa de um suposto estuprador no bairro Ouro Preto, na regi√£o da Pampulha, em Belo Horizonte, nesse domingo (03).

üîó Leia mais: https://t.co/RWaPMEWxtr",1
"TORCEDOR MORRE EM CONFRONTO DE TORCIDAS EM BH

Ap√≥s ser baleado durante confus√£o entre torcidas organizadas de Cruzeiro e Atl√©tico, o cruzeirense Rodrigo Andrade, de 25 anos, morreu nesta tarde. Ele foi baleado no abd√¥men durante uma briga no bairro Boa Vista, regi√£o Leste de BH. https://t.co/W1MUpwXCuA",1
"A Pol√≠cia Civil investiga a morte de um estudante da Universidade Federal de Ouro Preto (UFOP) dentro de uma cela de delegacia, em Ouro Preto, na regi√£o Central de Minas Gerais.

üîóLeia mais: https://t.co/GIWyaVzpJs",1
"Morador de Ouro Preto estava com o pai e a esposa no momento do crime. Tiroteio terminou com tr√™s mortos e dois baleados, na regi√£o do #Barreiro.

Confira: https://t.co/NZYGJHLJWJ #R7Minas",1
"Tiroteio entre gangues do tr√°fico de drogas assusta moradores do bairro #Taquaril, em #BH.

Confira: https://t.co/BVsJj9K7gi #R7Minas https://t.co/KA3AERgkRZ",1
"Homem √© assassinado a tiros na vila Apol√¥nia, na regi√£o de Venda Nova 

#Itatiaia
https://t.co/D1WGiPeiJR",1
"A Pol√≠cia Civil investiga o caso de uma mulher, de 38 anos, que afirma ter sido abusada sexualmente enquanto realizava uma cirurgia no Hospital Mater Dei, no Barro Preto, regi√£o Centro-Sul de Belo Horizonte. 

üîó Leia mais: https://t.co/GziRUIjzuI",1
"OPERA√á√ÉOüö®

A Pol√≠cia Civil est√° nas ruas da Grande BH para cumprir 25 mandados de pris√£o preventiva e 30 de busca e apreens√£o, em uma opera√ß√£o contra esquema milion√°rio de estelionato e falsifica√ß√£o de documentos. https://t.co/HBRBrqcJ0W",1
"A Pol√≠cia segue √† procura de um casal que furtou um fog√£o de uma loja no bairro Castelo, na regi√£o da Pampulha, em Belo Horizonte.

üîóLeia mais: https://t.co/LOBW7HJrtG",1
"A Pol√≠cia Civil vai investigar o caso de um adolescente negro de 15 anos que relata ter sofrido racismo em uma unidade da Drogaria Ara√∫jo, do bairro Floramar, na regi√£o Norte de Belo Horizonte, nessa quarta-feira (20). https://t.co/JTdle2cCvh",1
"Ap√≥s tiroteio entre gangues, na √∫ltima quinta-feira (1), a PM refor√ßou o policiamento e fez uma opera√ß√£o preventiva no Primeiro de Maio, em BH, na madrugada deste s√°bado (3). Um v√≠deo mostrou uma grande de quantidade de viaturas chegando ao bairro e a atua√ß√£o do helic√≥ptero da PM https://t.co/34e28yMgrK",1
"A Pol√≠cia Militar prende, na manh√£ desta segunda-feira, um homem suspeito de realizar mais de 15 furtos de cabos de energia em uma semana, no quarteir√£o da Rua Juiz de Fora, entre as ruas Augusto de Lima e Goitacazes, no bairro Barro Preto, em BH.
+ https://t.co/MSwo9PGwtC",1
"√â absolvido nesta quinta-feira (18), pelo Tribunal do J√∫ri, em BH, o frentista Vanderlei Gomes Calisto, de 50 anos, pelo crime de homic√≠dio contra um cliente do posto de gasolina em que trabalhava, no bairro Santa Branca, regi√£o da Pampulha. 

üîóLeia mais: https://t.co/PNQVwv6EtS",1
"Foi liberado pelo Instituto M√©dico Legal (IML) o corpo do jovem, de 22 anos, morto durante uma troca de tiros com a Pol√≠cia Militar na Savassi, regi√£o nobre de BH, nessa segunda-feira (22).

üîóLeia mais: https://t.co/lFegeRLR93",1
"CINCO HOMENS S√ÉO CONDENADOS POR ESTUPRO COLETIVO CONTRA UMA ADOLESCENTE 

O estupro coletivo contra uma adolescente, aconteceu na Regi√£o de Venda Nova, em BH no ano passado. As penas variam de 13 a 17 anos. 

üîó Leia mais: 
https://t.co/uajlodBAf0",1
"Duas irm√£s foram baleadas no Aglomerado da Serra, regi√£o Centro-Sul de Belo Horizonte, na madrugada desta segunda-feira (15) e uma delas afirmou que ir√° acobertar o autor.

üîóLeia mais: https://t.co/wnuzAsAdI6",1
"V√≠deo: motociclista √© agredido com chutes e capacetadas em abordagem na Regi√£o Centro-Sul de BH 

üìπ Reprodu√ß√£o | Redes sociais https://t.co/HUqdSMroFc",1
"https://t.co/cqQg103Bff 
Quase 48 horas ap√≥s o assalto cinematogr√°fico a uma joalheria, em um shopping na regi√£o centro-sul de BH, a pol√≠cia segue √† procura dos 9 suspeitos. O crime foi na tarde de s√°bado, v√©spera do Dia das M√£es, e levou p√¢nico a quem estava no local. Acompanhe!",1
"Trio invadiu festa no bairro #Itacolomi e executou duas pessoas. Crime ainda √© um mist√©rio e ser√° investigado pela Pol√≠cia Civil.

Confira: https://t.co/Enh0tiOHfk #R7Minas",1
"Est√° preso o engenheiro suspeito de esfaquear a ex-mulher na frente dos filhos, de 6 e 10 anos. O crime foi na manh√£ desta segunda, no bairro Gutierrez. Imagens de c√¢meras de seguran√ßa registraram a tentativa de feminic√≠dio.

üîó Leia mais:
https://t.co/SoBVCoCCr7",1
"Foi liberado pelo Instituto M√©dico Legal (IML) o corpo do jovem, de 22 anos, morto durante uma troca de tiros com a Pol√≠cia Militar na Savassi, regi√£o nobre de BH, nessa segunda-feira (22).

üîóLeia mais: https://t.co/L5TfhkSsl1",1
"Uma briga em frente ao Clube Chalezinho, no bairro Estoril, regi√£o Oeste de BH, deixou feridos e pelo menos um homem desacordado, na madrugada desse s√°bado (16).

üîó Leia mais: 

https://t.co/24lqM30SxA",1
"Segundo a Pol√≠cia Militar, As investiga√ß√µes apontam que o motivo para o crime seria uma d√≠vida de um celular, de R$ 700. Com o homem detido no bairro S√£o Geraldo, regi√£o Leste de BH foram apreendidas duas armas e uma quantia em drogas. Um segundo suspeito √© procurado.",1
"Depois de brigar e agredir um homem, uma mulher, de 33 anos, invade um bar com o pr√≥prio carro, no bairro Floramar, na Regi√£o Norte de Belo Horizonte. O fato aconteceu na noite de sexta-feira.
+ https://t.co/QI0GsMHf1J",1
"Pol√≠cia vai investigar a origem do disparo que atingiu a v√≠tima. Acidente aconteceu pr√≥ximo ao Conjunto #IAPI, na regi√£o Noroeste.

Confira: https://t.co/mzX3fFfg9B #R7Minas",1
"O conflito teria come√ßado ap√≥s a morte de Kaio Victor de Souza, de 18 anos, na √∫ltima ter√ßa-feira (30), durante uma troca de tiros entre grupos rivais do tr√°fico de drogas na avenida Cristiano Machado. Por Ra√≠ssa Oliveira
https://t.co/rA9WOKnmbQ",1
"Uma mulher briga e agride um Guarda Municipal, ap√≥s ser abordada por ter estacionado o carro de maneira irregular no bairro Floresta, nesta quarta-feira.
+ https://t.co/g9otlJOdvw",1
"Esculturas instaladas na Pra√ßa Rui Barbosa, na regi√£o Central de Belo Horizonte, foram alvos de vandalismo e ficaram parcialmente destru√≠das. A que chama mais aten√ß√£o √© a r√©plica de um le√£o, que est√° sem cabe√ßa.

üîó Leia mais:
https://t.co/2BlmwolBLf",1
"Homem √© perseguido, manda mensagem para o pai e √© assassinado na regi√£o Noroeste de BH 

https://t.co/Dka3uuPA8Q",1
"Pol√≠cia foi mobilizada para atender a ocorr√™ncia, na regi√£o da Pampulha, em #BH. Col√©gio diz que conseguiu controlar o aluno.

Confira: https://t.co/l8Hn0EL7c1 #R7Minas",1
"Uma imagem do Sagrado Cora√ß√£o de Jesus foi furtada nessa sexta-feira (13), no Santu√°rio Nossa Senhora da Concei√ß√£o dos Pobres, no bairro Lagoinha, regi√£o Noroeste de Belo Horizonte.

üîó Leia mais: 
https://t.co/A5qPXKsSUF",1
"A Pol√≠cia Civil investiga o caso de uma mulher, de 38 anos, que afirma ter sido abusada sexualmente enquanto realizava uma cirurgia no Hospital Mater Dei, no Barro Preto, regi√£o Centro-Sul de Belo Horizonte. 

üîó Leia mais: https://t.co/KNUjYIM57y",1
"Um dentista de 55 anos morreu ap√≥s ser baleado por policiais militares, na noite dessa quinta-feira (11), no bairro Santa Cruz, regi√£o nordeste de Belo Horizonte.

üîóLeia mais: https://t.co/0v2M9aPTy3",1
"√â enterrado neste domingo (21) no Cemit√©rio da Paz, regi√£o Noroeste da capital, o corpo do adolescente, de 15 anos, morto em opera√ß√£o policial na Vila Emba√∫bas, no bairro Nova Gameleira, zona Oeste de BH, na noite de sexta-feira (19). 

üîó Leia mais: https://t.co/Zvd3wH6Ydk",1
"Um policial militar morreu, na noite dessa quinta-feira (20), depois de trocar tiros com bandidos no bairro Jardim Alvorada, regi√£o da Pampulha. Um dos suspeitos, envolvido com a venda ilegal de armas, tamb√©m foi baleado e morto.
+ https://t.co/6546ThHEtG",1
"A Pol√≠cia Civil investiga as circunst√¢ncias envolvidas na morte de uma mulher, de 29 anos, na √∫ltima sexta-feira em decorr√™ncia de complica√ß√µes ap√≥s cirurgias est√©ticas realizadas em uma cl√≠nica no bairro Serra, na regi√£o centro-sul de Belo Horizonte.
+ https://t.co/qjJBcgxIX0",1
"Assaltantes roubam joalheria dentro do BH Shopping, na regi√£o centro-sul de Belo Horizonte.

Segundo informa√ß√µes da Pol√≠cia Militar, a situa√ß√£o ainda est√° em andamento e todas as sa√≠das do shopping est√£o fechadas.
+ https://t.co/4x8UZ2AlUD",1
"A Pol√≠cia Civil encontra, nesta quinta-feira, o armamento roubado da empresa de seguran√ßa MG SEG, no bairro Cabana do Pai Tom√°s, na regi√£o Oeste de Belo Horizonte.

Segundo a corpora√ß√£o, 3 escopetas e 6 rev√≥lveres foram recuperados. 
+ https://t.co/FgzMSGUgff",1
"Um policial militar foi esfaqueado ap√≥s tentar conter um homem, de 25 anos, no bairro S√£o Pedro, regi√£o Centro-Sul de Belo Horizonte, neste fim de semana.

üîóLeia mais: https://t.co/1yxgHJzdY5",1
"A Pol√≠cia Militar tenta localizar o motorista que derrubou dois postes na Rua Jos√© Rodrigues Pereira, no bairro Estoril, regi√£o oeste de Belo Horizonte, nesta madrugada.

üîó Leia mais: https://t.co/yutI6ulfTa",1
"Uma mulher √© assaltada a m√£o armada por dois indiv√≠duos em uma motocicleta no bairro Camargos, na regi√£o Noroeste de BH.

O crime aconteceu na manh√£ desta sexta-feira, na rua Carlos Silva Pinto.
+ https://t.co/JEdSLXRZWf",1
"Dois homens foram presos no bairro Primeiro de Maio, zona Norte da capital, nessa quinta-feira (1¬∫), suspeitos de trocarem tiros com grupos rivais durante disputa pelo comando do tr√°fico de drogas na regi√£o.

üîóLeia mais: https://t.co/9obSLdnvDa",1
"De acordo com a Pol√≠cia Militar, o passageiro contratou o mototaxista para uma corrida entre os bairros Santo In√°cio e Village do Lago. Chegando ao local, o suspeito n√£o quis pagar pela viagem, entrou em uma casa e retornou com uma faca.
https://t.co/SU3hcWrX2n",1
"A Pol√≠cia Civil investiga o caso de um Poodle que foi furtado no bairro Santa L√∫cia, na regi√£o centro-sul da capital.

üîóLeia mais: https://t.co/JDPgyGXc3y",1
"A Pol√≠cia Militar de Minas Gerais (PMMG) apreendeu 295 caixas de cigarros que estavam escondidas em uma van no estacionamento de um lava jato no bairro Tupi, na regi√£o Norte de Belo Horizonte. Um homem, de 37 anos, suspeito de ser o propriet√°rio dos cigarros, tamb√©m foi preso. https://t.co/QYQn6QBFjC",1
"A Pol√≠cia Civil investiga um caso de assalto sofrido por uma mulher de 35 anos na manh√£ desse domingo (14), no bairro Esplanada, na Regi√£o Leste de Belo Horizonte.

üîóLeia mais: https://t.co/OxG5ZGpeIl",1
"Um homem de 56 anos matou o pr√≥prio filho, de 25, durante uma briga em fam√≠lia no bairro Engenho Nogueira, na Pampulha, em Belo Horizonte, na noite desse domingo (14), Dia do Pais e tamb√©m anivers√°rio do jovem.

üîóLeia mais: https://t.co/kLChsYo9Um",1
"Confus√£o aconteceu na sa√≠da de uma boate no bairro #Castelo, na regi√£o da #Pampulha, na madrugada desta segunda-feira (14).

Confira: https://t.co/flI6IMRlUq #R7Minas",1
"Uma mulher, de 38 anos, afirma ter sido abusada sexualmente enquanto realizava uma cirurgia no Hospital Mater Dei, no Barro Preto, regi√£o Centro-Sul de Belo Horizonte, nessa segunda-feira (8).

üîó Leia mais: 

https://t.co/x2BaWSb96p",1
"Uma c√¢mera de vigil√¢ncia registrou o momento que uma mulher de 35 anos foi assaltada no bairro Esplanada, regi√£o leste de Belo Horizonte, na manh√£ deste domingo (14).

üé•Reprodu√ß√£o/Redes Sociais https://t.co/Fu9Hwrmjmw",1
"Enfermeira √© agredida a socos por paciente em Centro de Sa√∫de na regi√£o Centro-Sul de BH

#Itatiaia
https://t.co/EG7cjKMoI5",1
"A Pol√≠cia Civil investiga as imagens das c√¢meras de seguran√ßa de um consult√≥rio de uma cl√≠nica odontol√≥gica, na rua dos Guajajaras, na regi√£o central de BH, que mostram um casal quebrando o local.

üîó Leia mais: https://t.co/gjM7zOOF18",1
"ENTREGA DE DROGAS COM DRONE üö®

Um homem √© preso em flagrante usando um drone para entregar drogas no Ceresp, no bairro Gameleira, na regi√£o oeste de BH, neste domingo. 

Dentro da pris√£o foram encontrados pacotes com produtos, como celulares e carregadores. 

üì∑: PMMG https://t.co/6oft7PEH69",1
Pol√≠cia apreende 432 barras de maconha em casa da regi√£o Nordeste de BH https://t.co/gp9pbvdGuP https://t.co/TNiismhSVa,1
"Ser√° investigado pela Pol√≠cia Civil, o caso de um adolescente negro de 15 anos que relata ter sofrido racismo em uma unidade da Drogaria Ara√∫jo, do bairro Floramar, na regi√£o Norte de Belo Horizonte, nessa quarta-feira (20).

üîó Leia mais: https://t.co/p2NgeP4uLI",1
"Mulher √© atropelada por viatura da #PM durante persegui√ß√£o em #Igarap√©, na regi√£o metropolitana de #BH. 

Confira: https://t.co/8XSkZVyInL #R7Minas https://t.co/W6J7O0NRf9",1
"A pol√≠cia procura pelos autores do tiroteio que matou tr√™s homens e deixou dois feridos, na Vila Cemig, regi√£o do Barreiro, em Belo Horizonte

üîó Leia mais: 

https://t.co/AxzuHjgbOJ",1
"A Pol√≠cia Civil analisa imagens do circuito interno de at√© uma semana antes do assalto cinematogr√°fico ao shopping da regi√£o Centro-Sul de BH, no √∫ltimo s√°bado.

A institui√ß√£o afirma que a inten√ß√£o √© avaliar se suspeitos ou comparsas teriam frequentado a joalheria antes do roubo. https://t.co/umircZw7mg",1
"O crime aconteceu na manh√£ desta sexta-feira, na rua Carlos Silva Pinto.

Segundo a Pol√≠cia Militar, a dupla levou documentos pessoais, cart√£o e dinheiro da v√≠tima. O caso √© investigado pela PM.

üì∑: Reprodu√ß√£o",1
"BRIGA DE TORCIDAS
Torcedores do Atl√©tico e do Cruzeiro entram em confronto no in√≠cio da tarde deste domingo no bairro Boa Vista, regi√£o leste de BH. Segundo a PM, houve disparos de tiros e duas pessoas podem ter sido baleadas. Os feridos foram encaminhados para a Upa Leste. https://t.co/57QbBVhTb5",1
"Homem suspeito de estupro √© linchado e assassinado em aglomerado da regi√£o de Venda Nova, em BH

https://t.co/HJRCdaSufx",1
"Homem √© assassinado a tiros no bairro Lind√©ia, na regi√£o do Barreiro, em BH

#Itatiaia
https://t.co/fjL8VeMAPi",1
"Uma troca de tiros no bairro Fl√°vio Marques de Lisboa, na regi√£o do Barreiro, em Belo Horizonte, revela conflito entre gangues do tr√°fico de drogas na regi√£o.
+ https://t.co/4jg2xCI9QV https://t.co/VG6PE0fNZ4",1
"#JornalBandNewsMinas1Ed  A Pol√≠cia Civil afirma que investiga o delegado Rafael Hor√°cio, suspeito de assassinar o motorista de um caminh√£o reboque, na tarde de 26/07/22, em plena Regi√£o Central de BH.",1
"Um jovem de 22 anos morreu na madrugada deste domingo (03), ap√≥s ser baleado na porta de uma distribuidora de bebidas no bairro Europa, na regi√£o de Venda Nova.
+
https://t.co/1hJuecJ8GG https://t.co/XgRfdfA4Ce",1
"DUAS MULHERES PEGAM CARRO EMPRESTADO COM TRAFICANTE E S√ÉO ASSASSINADAS 

O caso ocorreu na noite dessa quinta, no bairro Goi√¢nia, regi√£o Nordeste de BH. A suspeita √© que elas tenham sido confundidas, j√° que estavam no carro de um traficante.

üîóLeia mais: 
https://t.co/iVi2qbmPPB",1
"A Pol√≠cia Civil afirma, nesta quinta-feira (11), que as investiga√ß√µes sobre a den√∫ncia de estupro no Hospital Mater Dei da Contorno, na Regi√£o Centro-Sul de BH, seguem em andamento.

üîóLeia mais: https://t.co/r07EzxRgua",1
"Um homem foi baleado por um policial penal ap√≥s roubar um cord√£o de ouro no bairro Lourdes, regi√£o Centro-Sul de Belo Horizonte, na manh√£ desta quarta-feira (20).

üîó Leia mais: 

https://t.co/bGbJfUwRIi",1
"Dois homens foram presos no bairro Primeiro de Maio, zona Norte da capital, nessa quinta-feira (1¬∫), suspeitos de trocarem tiros com grupos rivais durante disputa pelo comando do tr√°fico de drogas na regi√£o.

üîóLeia mais: https://t.co/nbJ3k8WzlY",1
"Um homem foi baleado por um policial penal ap√≥s roubar um cord√£o de ouro no bairro Lourdes, regi√£o Centro-Sul de Belo Horizonte, na manh√£ desta quarta-feira (20).

üîó Leia mais: 

https://t.co/4GE43eyLet",1
"VEL√ìRIO DO TORCEDOR 

O corpo do torcedor baleado, durante uma briga entre organizadas nesse domingo, na Regi√£o Leste de Belo Horizonte, √© velado nesta segunda-feira. O enterro est√° previsto para acontecer √† tarde, no cemit√©rio municipal de Sabar√°, Regi√£o Metropolitana de BH. https://t.co/CsrRHykmBU https://t.co/JcMSYU7DLQ",1
"Corpo baleado √© abandonado na avenida Ant√¥nio Carlos, em Belo Horizonte. O homem n√£o resistiu e morreu no hospital. 

Confira: https://t.co/3fMbbp9u0o #R7Minas https://t.co/a4V9igkxwf",1
"De acordo com o boletim de ocorr√™ncias, a v√≠tima foi levada at√© um matagal no bairro √Åguas Claras por tr√™s suspeitos que passaram a agredi-lo com um peda√ßo de madeira. No entanto, populares ouviram gritos de socorro e acionaram a pol√≠cia. 
https://t.co/x3EeMjKvuJ",1
"Uma reuni√£o entre o Setra-BH e a prefeitura pode colocar fim ao impasse sobre a tarifa de √¥nibus./  A pol√≠cia segue √† procura dos bandidos que assaltaram uma joalheria em um shopping, na regi√£o centro-sul, no √∫ltimo s√°bado. Acompanhe agora!",1
"Policial reformado atirou contra o homem ap√≥s ele invadir a casa da ex. Caso aconteceu no bairro Cai√ßara, regi√£o noroeste de #BH. 

Confira: https://t.co/aDhCmtzIfO #R7Minas",1
"Duas irm√£s foram baleadas no Aglomerado da Serra, regi√£o Centro-Sul de Belo Horizonte, na madrugada desta segunda-feira (15) e uma delas afirmou que ir√° acobertar o autor.

üîóLeia mais: https://t.co/5X9NAoHuVl",1
"PM PROCURA POR CRIMINOSOS QUE ROUBARAM REL√ìGIOS 'ROLEX' E JOIAS NO BH SHOPPING

PM suspeita que ao menos nove criminosos podem ter participado do assalto nesse s√°bado a joalheria Manoel Bernardes, no BH Shopping, na Regi√£o Centro-Sul de BH.

Ningu√©m foi preso at√© o momento. https://t.co/tTiQNNl9hJ",1
"Mulher de 29 anos relatou √† pol√≠cia que tamb√©m foi agredida pelo companheiro. caso aconteceu no bairro Filad√©lfia, na regi√£o noroeste de #BH.

Confira: https://t.co/YKKxLjqYnS #R7Minas",1
"A Pol√≠cia Militar prende, na manh√£ desta segunda-feira, um homem suspeito de realizar mais de 15 furtos de cabos de energia em uma semana, no quarteir√£o da Rua Juiz de Fora, entre as ruas Augusto de Lima e Goitacazes, no bairro Barro Preto, em BH.
+ https://t.co/KOGV3uj6i8",1
Pol√≠cia prende homem que praticava furtos na regi√£o Oeste de Belo Horizonte https://t.co/L68yDP7rSC https://t.co/6BQoIuVWJW,1
"Esculturas instaladas na Pra√ßa Rui Barbosa, na regi√£o Central de Belo Horizonte, foram alvos de vandalismo e ficaram parcialmente destru√≠das. A que chama mais aten√ß√£o √© a r√©plica de um le√£o, que est√° sem cabe√ßa.

üîó Leia mais: https://t.co/SdMC5aSDrA",1
"Um homem foi baleado ap√≥s fugir de uma blitz de rotina realizada pela Pol√≠cia Militar. O caso aconteceu na tarde desta sexta-feira na Rua Doutor Benedito Xavier, no bairro S√£o Gabriel.
+ https://t.co/Lc2FXuyn6r",1
"Bilhetes com ofensas racistas e homof√≥bicas foram deixados em um pr√©dio no bairro Planalto, regi√£o Norte de BH. Os ataques podem ter sido direcionados a um trabalhador que presta servi√ßos no condom√≠nio. Ele registrou boletim de ocorr√™ncia e a Pol√≠cia Civil apura os fatos.
+ https://t.co/WRKtU5pXIV",1
"V√≠deo: motociclista √© agredido com chutes e capacetadas em abordagem na Regi√£o Centro-Sul de BH #Itatiaia

https://t.co/sYwgStwkBv",1
"Clientes que estavam dentro do BH shopping, na regi√£o centro-sul de Belo Horizonte, no momento do assalto, come√ßam a deixar o local.
 
Um carro foi visto seguindo sentido Rio, mas ainda n√£o foi confirmado se existe liga√ß√£o com o assalto. https://t.co/fO9at3qAjA",1
"PM MATA HOMEM PARA PROTEGER VIZINHAüö®

Um policial militar atira e mata um vizinho, que tentava cometer um feminic√≠dio contra a ex-companheira. O caso aconteceu na noite desta quarta, no bairro Cai√ßara, Regi√£o Noroeste de Belo Horizonte.",1
"De acordo com informa√ß√µes do boletim de ocorr√™ncias, uma guarni√ß√£o realizava patrulhamento  no bairro Tropical, quando os militares sentiram forte odor de maconha pr√≥ximo a Escola Estadual Vinicius de Moraes. Por Ra√≠ssa Oliveira
https://t.co/LTtMhDbQCg",1
"Uma persegui√ß√£o policial termina com tr√™s ve√≠culos e uma viatura atingidos na Avenida do Contorno, na Regi√£o da Savassi, em Belo Horizonte, na tarde desta segunda-feira (22).

üîóLeia mais: https://t.co/1wIdpRIX03",1
"Pol√≠cia prende suspeito de agredir e manter a namorada em c√°rcere no bairro Ouro Minas, na regi√£o Nordeste de #BeloHorizonte.

Confira: https://t.co/pYMIlxUO59 #R7Minas",1
"A Pol√≠cia Civil investiga o assassinato de duas mulheres, na noite dessa quinta-feira (12), no bairro Goi√¢nia, regi√£o Nordeste de Belo Horizonte. 

üîó Leia mais: 

https://t.co/KsfWoxMbVQ",1
"Um motorista de aplicativo √© baleado, ap√≥s recusar fazer entrega de drogas, na tarde desse domingo, na regi√£o do Barreiro, em Belo Horizonte.

üîó Leia mais: 

https://t.co/tkyDnvPmuu",1
"Est√° preso o engenheiro suspeito de esfaquear a ex-mulher na frente dos filhos, de 6 e 10 anos. O crime foi na manh√£ desta segunda, no bairro Gutierrez. Imagens de c√¢meras de seguran√ßa registraram a tentativa de feminic√≠dio.

üîó Leia mais:
https://t.co/QPF8NSvmOp",1
"https://t.co/S4rMDEy5Y5
Um beb√™ de 11 meses morre e outras quatro pessoas da mesma fam√≠lia ficam feridas, ap√≥s serem baleados por um homem, em Brumadinho, Regi√£o Metropolitana de Belo Horizonte.",1
"Um motorista de aplicativo tentou atropelar um motoqueiro, ap√≥s uma briga de tr√¢nsito. O caso aconteceu na tarde desta sexta-feira (08), na rua Dias Adorno, no bairro Santo Agostinho, em BH.
+ https://t.co/pWynw4h3O3 https://t.co/4mreHxe6pS",1
"Um homem de 56 anos matou o pr√≥prio filho, de 25, durante uma briga em fam√≠lia no bairro Engenho Nogueira, na Pampulha, em Belo Horizonte, na noite desse domingo (14), Dia do Pais e tamb√©m anivers√°rio do jovem.

üîóLeia mais: https://t.co/akQQhfQt2C",1
"A Pol√≠cia Militar apreende uma maleta com joias avaliadas em R$500 mil roubadas na regi√£o Centro-Sul de Belo Horizonte. O furto aconteceu na √∫ltima sexta-feira, dia 25, na rua Professor Morais, na Savassi. 
+ https://t.co/3WzpLjGJuD",1
"Suspeito de tr√°fico de drogas morre ap√≥s ser baleado em opera√ß√£o policial na regi√£o Oeste de BH
https://t.co/R0QwG9VMSc",1
"A Pol√≠cia Civil afirma que investiga o delegado suspeito de assassinar um motorista de um reboque, na tarde dessa ter√ßa-feira (26), em plena Regi√£o Central de Belo Horizonte.

üîó Leia mais: 

https://t.co/v9ixHdtGX8",1
"Um policial militar foi esfaqueado ap√≥s tentar conter um homem, de 25 anos, no bairro S√£o Pedro, regi√£o Centro-Sul de Belo Horizonte, neste fim de semana.

üîóLeia mais: https://t.co/Ob3yKHNpds",1
"Homem √© baleado na cabe√ßa ap√≥s briga por ci√∫mes no bairro Cardoso, em BH
https://t.co/w2nphFc5nS",1
"Uma briga de bar por diferen√ßa de R$47,00 na conta resulta em morte no bairro Santa In√™s, Regi√£o Leste de Belo Horizonte, na madrugada desta sexta-feira. 
Everton de Faria, 39 anos, levou uma facada e foi conduzido para o Hospital Jo√£o XXIII, mas n√£o resistiu e morreu.
+ https://t.co/4PuLE4Vgzk",1
"Uma imagem do Sagrado Cora√ß√£o de Jesus foi furtada nessa sexta-feira (13), no Santu√°rio Nossa Senhora da Concei√ß√£o dos Pobres, no bairro Lagoinha, regi√£o Noroeste de Belo Horizonte.

üîó Leia mais: 

https://t.co/9w81h103oX",1
"Segundo os Bombeiros, foram populares que iniciaram o fogo na casa que fica no bairro Ouro Preto, em BH, em retalia√ß√£o a uma suposta acusa√ß√£o de estupro.

https://t.co/j8rXooG0x6 https://t.co/IiyOhAISWK",1
"O Col√©gio Santa Dorot√©ia comunicou na tarde desta quarta-feira a expuls√£o do estudante de 13 anos que levou uma granada para a escola, no bairro Sion, na regi√£o centro-sul de BH. O Esquadr√£o Antibombas da Pol√≠cia Militar foi acionado para comparecer ao local.
+ https://t.co/wvOvrhjsaX",1
"Ser√° enterrado hoje em Igarap√©, Grande BH, Anderson C√¢ndido Melo, motorista de um caminh√£o reboque, que foi morto com um tiro disparado pelo delegado da Pol√≠cia Civil, Rafael Hor√°cio, ap√≥s uma discuss√£o no tr√¢nsito, na Av. do Contorno, Regi√£o Central de BH, na tarde de 26/07/22",1
"A Pol√≠cia Civil afirma, nesta quinta-feira (11), que as investiga√ß√µes sobre a den√∫ncia de estupro no Hospital Mater Dei da Contorno, na Regi√£o Centro-Sul de BH, seguem em andamento.

üîóLeia mais: https://t.co/AeFg9agc3H",1
"A Pol√≠cia Civil investiga um caso de assalto sofrido por uma mulher de 35 anos na manh√£ desse domingo (14), no bairro Esplanada, na Regi√£o Leste de Belo Horizonte.

üîóLeia mais: https://t.co/UhKICZj5uV",1
"A atriz Vera Fischer, de 70 anos, foi furtada na Feira Hippie de Belo Horizonte, na Avenida Afonso Pena, na tarde desse domingo (24).

üîó Leia mais: https://t.co/7uRkOCRJsu",1
"De acordo com a Pol√≠cia Militar, condutor voltava de festa com a namorada quando se envolveu em acidente no bairro Jo√£o Pinheiro, na regi√£o noroeste de #BH.

Confira: https://t.co/qTRHyQ1Ey8 #R7Minas",1
"Um bolsonarista alega ter sido agredido por militantes petistas durante uma manifesta√ß√£o contra o ex-presidente Luiz In√°cio Lula da Silva (PT), no Expominas, regi√£o Oeste da capital, nessa segunda-feira (9). 

üîó Leia mais:
https://t.co/TsKcO9At5O",1
"Homem foi preso ap√≥s levar um carro na regi√£o de Venda Nova, na noite desta segunda (26). Pol√≠cia segue em busca do segundo envolvido no roubo. 

Confira: https://t.co/ByK8FiWi0X #R7Minas",1
"Uma mulher gr√°vida √© baleada, na noite dessa quinta-feira (11), ap√≥s furtar um celular no Aglomerado das Antenas, em Santa Luzia, Regi√£o Metropolitana de Belo Horizonte.

üîó Leia mais: https://t.co/YpwNdtNApc",1
"A Pol√≠cia segue √† procura de um casal que furtou um fog√£o de uma loja no bairro Castelo, na regi√£o da Pampulha, em Belo Horizonte.

üîóLeia mais: https://t.co/hME8vs4W1P",1
"Um homem, de 40 anos, foi preso com sinais de embriaguez ap√≥s provocar um acidente na noite dessa sexta-feira (29) no bairro Paris, Regi√£o Centro-Sul de BH. Segundo a Pol√≠cia Militar, ele dirigia, em alta velocidade, um Audi RS6, avaliado em mais de R$ 1 milh√£o. https://t.co/wAkbdJaNq1",1
"Chegou o dia! Usu√°rios de alguns bairros de BH j√° podem contar com a nova tecnologia 5G. / O delegado da Pol√≠cia Civil, #RafaelHor√°cio que matou o motorista de caminh√£o-reboque, #AndersonC√¢ndido , durante uma discuss√£o de tr√¢nsito, em BH, n√£o poderia estar em cargo p√∫blico.",1
"Um v√≠deo que est√° circulando nas redes sociais mostra um homem armado agredindo uma mulher em Mariana, regi√£o central de Minas Gerais. H√° ind√≠cios que o homem seja um Policial Militar.
+
https://t.co/xClzrT9Fft https://t.co/6YoQd8688d",1
"Uma f√°brica clandestina de sab√£o em p√≥ √© desmontada pela Pol√≠cia Militar em Par√° de Minas, Regi√£o Sudeste de Minas Gerais.

üîó Leia mais: https://t.co/Xpm9dcR1ia",0
"A Pol√≠cia Civil investiga o caso de uma mulher que foi espancada pelo namorado, em Sete Lagoas, regi√£o central de Minas Gerais, no √∫ltimo final de semana.
+
üì∑: Reprodu√ß√£o/Circuito Interno https://t.co/iBjeN2SeMb",1
"A Pol√≠cia Civil divulga novas imagens da mulher suspeita de abandonar um rec√©m-nascido no banheiro do Centro de Especialidades M√©dicas da Santa Casa, no Santa Efig√™nia, regi√£o Centro-Sul de Belo Horizonte.

üîó Leia mais: https://t.co/8S9Pw5qKks",1
"A Pol√≠cia Militar procura pelo homem suspeito de estuprar a enteada dele, de 11 anos, dentro de casa em Contagem, Regi√£o Metropolitana de Belo Horizonte.
+
https://t.co/NhfzW3BST2 https://t.co/TtLztMWyzT",1
"A Uber √© condenada a indenizar em R$400 mil a fam√≠lia de um motorista que foi assassinado, enquanto rodava pelo aplicativo em Igarap√©, na Regi√£o Metropolitana de Belo Horizonte.
+
https://t.co/B1EyNkczfB https://t.co/rNTHIlQOyr",1
"Imagens registradas pelo circuito de seguran√ßa de uma igreja mostram uma tentativa de feminic√≠dio em Ibirit√©, na regi√£o Metropolitana de BH. Um homem se aproxima de uma mulher e, ap√≥s entrarem em confronto, ela √© esfaqueada por 5 vezes. 
+ https://t.co/XdCgP1qOjP",1
"A Pol√≠cia Civil (PCMG) concluiu que a blogueira do Tirol foi a mandante do assassinato do ex-namorado, um comerciante, de 36 anos, em Contagem, Regi√£o Metropolitana de Belo Horizonte. 
https://t.co/vAovJb2ZnP",1
"A Pol√≠cia Civil investiga a morte de um homem de 57 anos, morto a pedradas neste domingo (28) no bairro Morada Nova, em Contagem, na Regi√£o Metropolitana de Belo Horizonte, suspeito de abusar sexualmente de crian√ßas.

üîóLeia mais: https://t.co/5VaE86ZqZZ",1
"A Pol√≠cia Civil informou nesta ter√ßa-feira (23) que investiga uma m√£e suspeita de espancar o pr√≥prio filho em Pedro Leopoldo, na Regi√£o Metropolitana de Belo Horizonte.

üîóLeia mais: https://t.co/irPXERSUVB",1
"""Por que ele fez isso?"", desabafa m√£e sobre assassinato da filha em #Igarap√©, na regi√£o metropolitana de #BH.

Segundo a Pol√≠cia Civil, o homem afirmou que n√£o conhecia a adolescente, mas a seguiu na rua e cometeu o crime. 

Confira: https://t.co/7E9InBEdWs #R7Minas https://t.co/zQqFY1bo8C",1
"A Pol√≠cia Civil investiga o caso de um frentista, preso na madrugada dessa quarta-feira, ap√≥s se envolver em briga com um cliente em um posto de combust√≠vel na Avenida Cardeal Eug√™nio Pacelli, no bairro Cidade Industrial, em Contagem, na Regi√£o Metropolitana de Belo Horizonte.

+ https://t.co/Em6qYtEz6r",1
"Pelo menos tr√™s pessoas morrem e duas ficam feridas, em Brumadinho, Regi√£o Metropolitana, ap√≥s um homem de 35 anos invadir a casa de uma fam√≠lia armado e disparar contra as v√≠timas.

üîó Leia mais: 

https://t.co/8hI6xaErVm",1
"Adolescentes brigam e um deles morre com tiros no rosto na Regi√£o Metropolitana de Belo Horizonte

https://t.co/j67w5uAHPh",1
"Uma briga entre um motorista de aplicativo e um casal de passageiros termina com pedradas e atropelamento em Contagem, na regi√£o Metropolitana de Belo Horizonte, na madrugada desta segunda-feira.

https://t.co/CYvMJhv68a",1
"Um entregador briga com um assaltante armado em Contagem, na Regi√£o Metropolitana de BH. De acordo com a Pol√≠cia Militar, o caso ocorreu na noite desse s√°bado (02), na porta do estabelecimento onde a v√≠tima trabalha.
+ https://t.co/b4EpNyPAfl",1
"Um casal de idosos √© agredido na porta de casa por dois homens com um macaco hidr√°ulico, no bairro Conjunto Habitacional Ol√≠mpia Bueno Franco, em Betim, na Regi√£o Metropolitana de Belo Horizonte, na noite dessa sexta-feira (19).
+ https://t.co/GdVKFCUuoc",1
"A Pol√≠cia Federal cumpre nesta quarta-feira (13) 16 mandados de busca e apreens√£o em uma opera√ß√£o contra o narcotr√°fico em cidades da regi√£o metropolitana de Belo Horizonte e Tri√¢ngulo Mineiro.

üîó Leia mais: 

https://t.co/Lp1zLszCC0",1
"Quatro mulheres foram presas nesse s√°bado (4) ao tentar entrar com drogas escondidas nas partes √≠ntimas, na Penitenci√°ria Nelson Hungria, em Contagem, regi√£o metropolitana de Belo Horizonte.

üîó Leia mais: 

https://t.co/TMU07QO8JR",1
"Um entregador briga com um assaltante armado em Contagem, na Regi√£o Metropolitana de BH. De acordo com a Pol√≠cia Militar, o caso ocorreu na noite desse s√°bado (02), na porta do estabelecimento onde a v√≠tima trabalha.
+ https://t.co/ZSrGqzhaWi",1
"Um comerciante foi morto a tiros no bairro Angola, em Betim. Felipe Bessa, de 38 anos, estava dentro de uma lanchonete, com a esposa e o filho de oito anos, quando foi assassinado a tiros.

üîóConfira em:

https://t.co/aBGBdoYVFG",1
"Os advogados do jovem agredido em Paineiras, na regi√£o norte de Minas Gerais, afirmam que ir√£o pedir o afastamento de policiais envolvidos no caso. Imagens nas redes sociais mostram os militares desferindo socos no jovem de 23 anos.

üîóLeia Mais: https://t.co/LQBSADabiq",1
"A Pol√≠cia Civil investiga um caso de intoler√¢ncia religiosa ocorrido em Esmeraldas, na regi√£o metropolitana de Belo Horizonte. Um terreiro de candombl√©, que est√° em constru√ß√£o, foi destru√≠do. 
+
üîó Leia mais: https://t.co/wusWGGYsPi",1
"Um homem √© morto na madrugada desta ter√ßa-feira ap√≥s invadir a casa de um policial militar em Ribeir√£o das Neves, na Regi√£o Metropolitana de Belo Horizonte.
üîó Leia mais: 
https://t.co/c87XsOf32Y",1
"C√¢mera de seguran√ßa flagra assalto a padaria no bairro Granja Verde, em Betim; veja o v√≠deo https://t.co/7aZBp5VBz5",1
"Uma brit√¢nica de 52 anos, v√≠tima de viol√™ncia f√≠sica e psicol√≥gica, foi resgatada pela Pol√≠cia Civil no povoado de S√£o Tom√©, zona rural de Cordisburgo, na regi√£o Central de Minas Gerais. 
+ https://t.co/5xM8jYNCvM https://t.co/b4a08JI4sC",1
"Uma briga entre um motorista de aplicativo e um casal de passageiros termina com pedradas e atropelamento em Contagem, na regi√£o Metropolitana de Belo Horizonte, na madrugada desta segunda-feira.

https://t.co/Hn9QAriQX0",1
"A Pol√≠cia Civil investiga o caso de um homem de 35 anos que foi preso ap√≥s estuprar uma garota de 13 anos em Contagem, na Regi√£o Metropolitana de BH.

üîó Leia mais: https://t.co/s0TwEYmy8t",1
"Quatro pessoas s√£o presas durante opera√ß√£o conjunta realizada pela Pol√≠cia Civil e Pol√≠cia Militar em Coronel Fabriciano, na regi√£o do Rio Doce

üîó Leia mais:
https://t.co/T9bpiiSP6b",1
"O risco de sequestro tem deixado pais e respons√°veis dos alunos que estudam no CEMAR, Centro Educacional M√°rio Rabelo, em Contagem, na regi√£o metropolitana de Belo Horizonte apreensivos. 

üîó Leia mais: https://t.co/41Wcmn8SZ1",1
"A v√≠tima foi baleada com tr√™s tiros por um policial militar na noite de s√°bado (16), durante uma abordagem policial na Vila Barraginha, em Contagem, na Regi√£o Metropolitana de Belo Horizonte.
https://t.co/SSHPj6UGEE",1
"Um v√≠deo que est√° circulando nas redes sociais mostra um homem armado agredindo uma mulher em Mariana, regi√£o central de Minas Gerais. H√° ind√≠cios que o homem seja um Policial Militar.
+
https://t.co/m9HHwADlWt https://t.co/ATpJUqXr9b",1
"Uma brit√¢nica, de 52 anos, v√≠tima de viol√™ncia psicol√≥gica e les√£o corporal foi resgatada pela Pol√≠cia Civil no povoado de S√£o Tom√©, zona rural de Cordisburgo, na regi√£o Central de Minas Gerais. 
+ https://t.co/QfRqVnz0um https://t.co/b1PRt2bSrY",1
"Segundo a Pol√≠cia Militar, a mais velha foi golpeada pelas costas pela mais nova. Durante a confus√£o, conseguiu pegar a faca e atacou a outra travesti. As duas foram atendidas na UPA da regi√£o. Por Raquel Gontijo
https://t.co/iTC6JBb7a0",1
"Dois suspeitos s√£o presos pela Pol√≠cia Militar, na madrugada desta quarta-feira (31), ap√≥s tentarem assaltar uma loja no Centro de Contagem, na Regi√£o Metropolitana de Belo Horizonte.

üîóLeia mais: https://t.co/BdbD8GZnve",1
"A confus√£o aconteceu durante a noite de domingo (06), quando o militar saiu de casa, com uma camisa cinza e cal√ßa, para coordenar uma opera√ß√£o de busca a autores de dois furtos na regi√£o. Um v√≠deo mostra o momento da abordagem a alguns dos suspeitos. https://t.co/tnQWs2Tupw",1
"Pelo menos sete pessoas, entre elas tr√™s ex-jogadores do Cruzeiro, foram v√≠timas do golpe de uma empresa de revestimentos de Lagoa Santa, na regi√£o metropolitana de Belo Horizonte.

üîó Leia mais: 

https://t.co/9m5ERqw3rU",1
"Um dos l√≠deres do tr√°fico em Santa Luzia, na regi√£o metropolitana de BH, foi preso em flagrante nesta quinta-feira. Segundo a Pol√≠cia Militar, contra Tiago Luiz Deodato havia um mandado de pris√£o em aberto.

üîó Leia mais: https://t.co/6D1QVmLFQQ",1
"Um homem √© suspeito de cometer um furto em s√©rie em Nova Lima, na Regi√£o Metropolitana de BH. O √∫ltimo caso foi registrado em um escrit√≥rio no bairro Vila da Serra.
+ https://t.co/4CYorKYOQ0",1
"Um trio foi preso em Betim, na grande BH, nessa sexta-feira (22), suspeito de vender cervejas com r√≥tulos adulterados. De acordo com a Pol√≠cia Militar, 770 engradados foram apreendidos no galp√£o que o trio operava no bairro Laranjeiras.

Leia mais:https://t.co/50A1NMlkmc",1
"Um dos maiores traficantes de Minas Gerais, Roni Peixoto, morreu assassinado na manh√£ desta segunda-feira, em Santa Luzia, na Regi√£o Metropolitana de Belo Horizonte.
+
https://t.co/jLYTAIsKuk https://t.co/IXSVMlzVk5",1
"A Pol√≠cia Militar apreendeu, nesse s√°bado (03), 2.8 toneladas de maconha no bairro Oitis, pr√≥ximo √† Ceasa, em Contagem, na Grande BH.

üîóLeia mais: https://t.co/FigILdaXAt",1
"As pris√µes foram efetuadas durante opera√ß√£o da Pol√≠cia Federal (PF) em Coronel Fabriciano, Tim√≥teo, Jaguaru√ßu e Belo Oriente, na regi√£o do Vale do A√ßo de Minas.  | Por Raissa Oliveira
https://t.co/WALkU38AFO",1
"O circuito de seguran√ßa de uma igreja mostra uma tentativa de feminic√≠dio em Ibirit√©, na regi√£o Metropolitana de BH. Um homem se aproxima de uma mulher e, ap√≥s entrarem em confronto, ela √© esfaqueada por 5 vezes. 

üîó Leia mais: https://t.co/pZUlVBPgx1",1
"A Pol√≠cia Civil investiga o caso de uma mulher que foi espancada pelo namorado, em Sete Lagoas, regi√£o central de Minas Gerais, no √∫ltimo final de semana.
+
üì∑: Reprodu√ß√£o/Teclemidia https://t.co/wWH9tvBSg7",1
"Jovem contou √† PM que foi atacada por um grupo de cinco mulheres, uma delas apontada como l√≠der do tr√°fico na regi√£o.

Confira: https://t.co/HQMtK8sIgD #R7Minas",1
"Um homem √© morto na madrugada desta ter√ßa-feira ap√≥s invadir a casa de um policial militar em Ribeir√£o das Neves, na Regi√£o Metropolitana de Belo Horizonte.

üîó Leia mais: https://t.co/DRHITEeyaQ",1
"Um jovem √© preso e uma adolescente acaba detida durante uma confus√£o na Escola Estadual Vin√≠cius de Moraes, em Contagem, regi√£o Metropolitana de Belo Horizonte, na noite dessa segunda-feira (22).

üîóLeia mais: https://t.co/ow6Tffu4Jp",1
"M√£e e filha tamb√©m foram #baleadas na confus√£o registrada em Santa Luzia, na regi√£o metropolitana de Belo Horizonte.

Confira: https://t.co/nnkjSlrG7D #R7Minas",1
"Um homem de 36 anos precisou ser contido pela Pol√≠cia Militar ap√≥s invadir o Hospital Nossa Senhora de Lourdes, em Alvin√≥polis, na regi√£o Central de Minas Gerais, e quebrar a recep√ß√£o do local.

O caso foi registrado na noite desse s√°bado.
+ https://t.co/7PVEdhglRa",1
"Dois homens morrem e um fica ferido ap√≥s serem baleados em um est√∫dio de tatuagem em Ribeir√£o das Neves, Regi√£o Metropolitana de Belo Horizonte, na madrugada desta ter√ßa-feira (26).

üîó Leia mais: https://t.co/WjAmHN4b1V",1
"Uma mulher gr√°vida √© baleada, na noite dessa quinta-feira (11), ap√≥s furtar um celular no Aglomerado das Antenas, em Santa Luzia, Regi√£o Metropolitana de Belo Horizonte.

üîó Leia mais: https://t.co/sb1eJcvrwu",1
"#Not√≠cias I #BandMinas

Pelo menos sete pessoas, entre elas tr√™s ex-jogadores do Cruzeiro, foram v√≠timas do golpe de uma empresa de revestimentos de Lagoa Santa, na regi√£o metropolitana de Belo Horizonte. 

üîóLeia mais: https://t.co/U0lCjwJVPM",1
"A Uber √© condenada a indenizar em R$400 mil a fam√≠lia de um motorista que foi assassinado, enquanto rodava pelo aplicativo em Igarap√©, na Regi√£o Metropolitana de Belo Horizonte.
+
https://t.co/og8mqG9K2D https://t.co/cNrYPBKt0G",1
"A Pol√≠cia Militar procura pelos suspeitos de um tiroteio em um Haras em S√£o Jos√© da Lapa, na Regi√£o Metropolitana de BH, na noite desse domingo (27), que deixou um morto e seis feridos.
+https://t.co/WBDYjeGZwY https://t.co/0OaXtLVCQ4",1
"Segundo testemunhas, o dinheiro teria sido furtado de um bar, onde o dono seria apontado como respons√°vel pelo tr√°fico de drogas na regi√£o. 
https://t.co/WnzIY6xE1H",1
"O risco de sequestro tem deixado pais e respons√°veis dos alunos que estudam no CEMAR, Centro Educacional M√°rio Rabelo, em Contagem, na regi√£o metropolitana de Belo Horizonte apreensivos. 

üîó Leia mais: https://t.co/A8lcobTiwd",1
"Policial penal √© assassinado a facadas no meio da rua em BH

Confira: https://t.co/ApRmyrMGoD #R7Minas",1
"Suspeitos levaram dinheiro, celular e o carro das v√≠timas. Ladr√µes estavam armados. O caso ocorreu no bairro Brasil√©ia, em #Betim.
  
Confira: https://t.co/XmC90IfhIx #R7Minas",1
"A pol√≠cia tenta localizar um homem de 30 anos, suspeito de matar a ex-namorada, de 18, na frente da filha do casal. O crime foi na madrugada dessa quarta-feira (13), em Itabira, regi√£o Central de Minas Gerais.

Leia mais: https://t.co/6Yy4qGTN3Z",1
"A Pol√≠cia Militar apreendeu, nesse s√°bado (03), 2.8 toneladas de maconha no bairro Oitis, pr√≥ximo √† Ceasa, em Contagem, na Grande BH.

üîóLeia mais: https://t.co/OvdRRcVLKV",1
"O ve√≠culo foi roubado na √∫ltima segunda-feira (8), no bairro Dom Cabral, em Contagem, na Regi√£o Metropolitana de BH. Por Vanda Sampaio
https://t.co/IsoT6NXXmh",1
"Um dos l√≠deres do tr√°fico em Santa Luzia, na regi√£o metropolitana de BH, foi preso em flagrante nesta quinta-feira. Segundo a Pol√≠cia Militar, contra Tiago Luiz Deodato havia um mandado de pris√£o em aberto.

üîó Leia mais: https://t.co/BMeKLRExLK",1
"Jovem √© assassinado a tiros dentro de casa no bairro Quintas S√£o Jos√©, em Esmeraldas

#Itatiaia 

https://t.co/xaA0BLUJFU",1
"Uma cantora gospel de 28 anos √© investigada pela Pol√≠cia Civil suspeita de aplicar golpe de pir√¢mide financeira. De acordo com as investiga√ß√µes, h√° cerca de 300 v√≠timas na regi√£o metropolitana de Belo Horizonte. Apenas uma delas teria perdido R$150 mil.
+
https://t.co/6kmAb9u46B https://t.co/Cl2r1a2wHW",1
"PM RESGATA 110 GALOS DE RINHA EM RIBEIR√ÉO DAS NEVES

A Pol√≠cia Militar resgata cerca de 110 galos de rinha em Ribeir√£o das Neves, Regi√£o Metropolitana de BH, hoje. Tamb√©m foram apreendidos itens como 132 barras de maconha e um rev√≥lver. Os dois indiv√≠duos envolvidos foram presos. https://t.co/84UA6vAAWq",1
"Um homem √© assassinado, tem o corpo carregado em uma moto at√© ser arremessado no meio da rua de Uberaba, no Tri√¢ngulo Mineiro.
+ https://t.co/BIIVv3kfsS",1
"Dois homens morrem e um fica ferido ap√≥s serem baleados em um est√∫dio de tatuagem em Ribeir√£o das Neves, Regi√£o Metropolitana de Belo Horizonte, na madrugada desta ter√ßa-feira (26).

üîó Leia mais: https://t.co/8n0dlrEUb5",1
"A Pol√≠cia Militar de Minas Gerais apreendeu duas toneladas de maconha durante opera√ß√£o na manh√£ deste s√°bado (3), no bairro Oitis, em Contagem, na regi√£o Metropolitana de Belo Horizonte. Os militares tamb√©m apreenderam um fuzil, uma carabina calibre.13 e diversos outros materiais https://t.co/VyFU3esl7J",1
"Casal estava no apartamento da fam√≠lia, em Lagoa Santa, na regi√£o metropolitana de BH. V√≠timas relatam preju√≠zo de at√© R$ 150 mil.

Confira: https://t.co/Emd2M0OtQC #R7Minas",1
"Uma joalheria √© assaltada por um homem armado no Ita√∫ Power Shopping, em Contagem, na Regi√£o Metropolitana de Belo Horizonte, na tarde desta sexta-feira. https://t.co/k38sOncahE",1
"Um im√≥vel foi invadido e incendiado em S√£o Joaquim de Bicas, na Regi√£o Metropolitana de Belo Horizonte. O suspeito √© um homem de 22 anos, que ainda teria agredido o pai da ex-namorada, que √© deficiente f√≠sico. 
+https://t.co/3bbFv6lwRW https://t.co/eteR7sLkHY",1
"A Pol√≠cia Civil investiga a morte de um estudante da Universidade Federal de Ouro Preto (UFOP) dentro de uma cela de delegacia, em Ouro Preto, na regi√£o Central de Minas Gerais.

üîóLeia mais: https://t.co/0b28jtUTJ7",1
"A Pol√≠cia Civil investiga a morte de um homem de 57 anos, morto a pedradas neste domingo (28) no bairro Morada Nova, em Contagem, na Regi√£o Metropolitana de Belo Horizonte, suspeito de abusar sexualmente de crian√ßas.

üîóLeia mais: https://t.co/2bYpIy2wQv",1
"Dois suspeitos s√£o presos pela Pol√≠cia Militar, na madrugada desta quarta-feira (31), ap√≥s tentarem assaltar uma loja no Centro de Contagem, na Regi√£o Metropolitana de Belo Horizonte.
+ https://t.co/LTRUsTefvV",1
"#FEMINICIDIO 
A v√≠tima de 21 anos foi assassinada dentro de casa em #Ferros, na regi√£o central de #MG.

Confira: https://t.co/ikvAxC7b2H #R7Minas",1
"A mulher estava em um √¥nibus de viagem que seguia para a cidade de S√£o Paulo.

O beb√™ que pesava 1,7 kg teve o cord√£o umbilical cortado bruscamente e foi encontrado morto no domingo, dia 3, por um policial militar dentro do c√≥rrego na regi√£o central da cidade.
+",1
"Os advogados do jovem agredido em Paineiras, na regi√£o norte de Minas Gerais, afirmam que ir√£o pedir o afastamento de policiais envolvidos no caso. Imagens nas redes sociais mostram os militares desferindo socos no jovem de 23 anos.

üîóLeia mais: https://t.co/13F6hZxQau",1
"A diretora de uma escola em Vespasiano, Regi√£o Metropolitana de Belo Horizonte, aciona a Pol√≠cia nessa sexta-feira para denunciar caso de ass√©dio sexual sofrido por duas alunas menores de idade.
+
https://t.co/4dS0NPRKeW https://t.co/60AwyWsoJr",1
"SUSPEITO DE CHEFIAR TR√ÅFICO √â MORTO EM OPERA√á√ÉO DA PM NA VILA BARRAGINHA

A pol√≠cia foi acionada porque o homem estaria efetuando disparos de arma de fogo no meio da rua

üîó Leia mais: https://t.co/PTKpuGqwEl",1
"Quatro pessoas ficam feridas, e uma outra morre, ap√≥s um agressor invadir a resid√™ncia das v√≠timas com uma faca e atear fogo na casa, em Divin√≥polis, na regi√£o centro-oeste de Minas.

üîó Leia mais: https://t.co/opUMNiUToH",1
"O filho do prefeito de Bom Jesus do Amparo, na regi√£o Central de Minas Gerais, √© suspeito de agredir dois jovens, no √∫ltimo final de semana. A Pol√≠cia Civil j√° instaurou inqu√©rito para apurar o caso.

Leia mais: https://t.co/8CbAvd0s6A",1
"Quatro bombas usadas no assalto em Itajub√°, no Sul de Minas, ainda n√£o foram desarmadas.

Segundo a Major Layla, da PM, os militares do esquadr√£o antibombas realizam o cerco e bloqueio nas estradas da regi√£o e ainda n√£o puderam atuar no desarme das bombas dentro do banco.
+ https://t.co/Gs3rVdiVSK",1
"V√≠tima reagiu ap√≥s dois homens anunciarem o assalto em #Contagem (#MG). Suspeito atingido por faca morreu na rua. 

Confira: https://t.co/jVZIeJgWvx #R7Minas",1
"Uma v√≠tima de 41 anos, que trabalhava como motorista de aplicativo, foi assaltada e teve o bra√ßo quebrado por suspeitos no bairro Castanheiras, em Santa Luzia.

Leia mais:https://t.co/8mr9CB7hDf",1
"‚öΩÔ∏èü¶äAl√¥, torcida do Cruzeiro! 

A Jornada Esportiva da Itatiaia est√° no ar! 
A bola rola √†s 16h para Cruzeiro e Crici√∫ma no Mineir√£o!

Qual √© seu palpite para o confronto?",0
"Luca Nicol√°s Orellano. 

Esse ser√° o nome do jogo no confronto decisivo entre Vasco x Flamengo.

Quem viver ver√°.",0
"Amanh√£ √© na nossa casa üèüÔ∏èüî•

Os ingressos para o nosso confronto contra o Bahia est√£o dispon√≠veis em nosso site! Acesse e garanta o seu ‚û§ http://ingressospalmeiras.com.br

#AvantiPalestrinas",0
"HOJE TEM CRUZEIRO! ü¶äüíô

√â o primeiro confronto da semifinal do Mineiro, contra o Am√©rica-MG, na Arena do Jacar√©. ‚öΩ",0
"P√â NO CH√ÉO! Barbieri deu o papo sobre o confronto entre Vasco e Flamengo no #Carioca2023! E a√≠, tem algum favorito?",0
Vasco desembarca em Salvador para encarar o Bahia; equipes t√™m confronto direto pelas primeiras posi√ß√µes da tabela na S√©rie B,0
"GALO NA LIBERTADORES! üêîüèÜ

O Atl√©tico enfrenta, esta noite, o Millonarios, em Bogot√°, √†s 21:30, no jogo de ida do duelo que vale uma vaga na fase de grupos! 

A Itatiaia produziu uma s√©rie de reportagens sobre o confronto, com tudo sobre o Galo e o rival colombiano! Segue o üß∂",0
"Sem Zaracho, Atl√©tico divulga relacionados para confronto com Millonarios",0
Cruzeiro ter√° 3 novidades para o confronto de logo mais diante do Am√©rica!,0
S√£o Paulo escalado para o confronto contra o Cruzeiro,0